DUR_SEQ,TYPE_NAME,MIX_TYPE,INGR_CODE,INGR_ENG_NAME,INGR_NAME,MIX_INGR,ORI_INGR,CLASS_NAME,FORM_NAME,NOTIFICATION_DATE,PROHBT_CONTENT,REMARK,DEL_YN,AGE_BASE
455,"특정연령대금기","단일",D000149,Acarbose,"아카보즈","","[M085039]아카보즈","[03960]당뇨병용제","정제",20140109,"안전성 및 유효성 미확립","","정상","18세 이하"
456,"특정연령대금기","단일",D000147,Acetaminophen,"아세트아미노펜","","[M040353]아세트아미노펜/[M082309]아세트아미노펜제피세립/[M233006]아세트아미노펜 DC 500/600/[M246556]아세트아미노펜 (미분화)/[M262287]아세트아미노펜 과립","[01140]해열.진통.소염제","서방정/서방성필름코팅정/서방성당의정/서방성다층정/서방성장용필름코팅정",20140109,"-소아 및 고령자(노인)는 최소 필요량을 복용하고 이상반응에 유의
- 과도한 체온강하, 허탈, 사지냉각 등이 나타날 수 있음","","정상","12세 미만"
457,"특정연령대금기","단일",D000254,Albendazole,"알벤다졸","","[M081226]알벤다졸","[06420]구충제","경구용현탁액제/점이제, 현탁액용산제/현탁액제용주사용용제/직장용현탁액제/일반현탁분무제/정량현탁분무제/이식용현탁액제/점이현탁액제/유제/틴크제/전제/침제/레모네이드제/방향수제/주정제/피부액제/피부리니멘트제/도료/샴푸/경구용액제/질세정액/관류제/점이액제/혈액항응고보존액제/밀폐제용용액제/장기보존용액제/주사/피부단자시험용용액/방광내적용용액",20140109,"안전성 및 유효성 미확립","","정상","2세 미만"
458,"특정연령대금기","단일",D000457,Alclomethasone,"알클로메타손","","[M083381]디프로피온산알클로메타손/[M254155]알클로메타손디프로피오네이트","[02690]기타의 외피용약/[02640]진통.진양.수렴.소염제","피부로션제/연고/크림",20140109,"소아는 체중당 체표면적의 비율이 성인보다 커서 코르티코이드로 인해 HPA축 억제, 쿠싱증후군, 발육장애 등이 나타나기 쉬우므로 주의","","정상","1세 이하"
475,"특정연령대금기","단일",D000804,Aloxiprin,"알록시프린","","[M081254]알록시프린","[02190]기타의 순환계용약","정제",20140109,-,"","정상","14세 이하"
476,"특정연령대금기","단일",D000030,Amisulpride,"아미설프리드","","[M089148]아미설프리드","[01170]정신신경용제","정제/액상시럽제/건조시럽용 과립제",20140109,"안전성 및 유효성 미확립","","정상","15세 미만"
477,"특정연령대금기","단일",D000150,Atazanavir,"아타자나비르","","[M249264]아타자나비어황산염/[M263079]아타자나비르황산염","[06290]기타의 화학요법제","캡슐",20140109,"핵황달의 위험 나타날 수 있음","","정상","3개월 이하"
478,"특정연령대금기","단일",D000552,Atomoxetine,"아토목세틴","","[M212533]염산아토목세틴/[M246680]아토목세틴염산염","[01190]기타의 중추신경용약","캡슐/액상시럽제",20140109,"안전성 및 유효성 미확립","","정상","6세 미만"
479,"특정연령대금기","단일",D000656,Atropine,"아트로핀","","[M040370]황산아트로핀/[M084258]아트로핀/[M110023]아트로핀황산염/[M223111]아트로핀황산염수화물","[01310]안과용제","점안용액제/용액용점안분말제/현탁액점안제/안연고제/안겔/점안주사제",20230705,"- 심각한 전신 부작용 위험이 있음 - 조산아, 영아, 다운증후군, 강직마비 또는 뇌손상 어린이는 이 약의 전신흡수에 따른 중추신경계 장애, 심폐 및 위장관 독성에 감수성이 있음","점안제(1%)","정상","12세 미만"
480,"특정연령대금기","단일",D000551,Azelastine,"아젤라스틴","","[M084381]염산아젤라스틴/[M222870]아젤라스틴염산염","[01490]기타의 알레르기용약","정제",20140109,"안전성 및 유효성 미확립","","정상","6세 이하"
481,"특정연령대금기","단일",D000438,Benzonatate,"벤조나테이트","","[M086520]벤조나테이트","[02220]진해거담제","캡슐",20140109,"안전성 및 유효성 미확립","","정상","10세 이하"
482,"특정연령대금기","단일",D000440,Benztropine,"벤즈트로핀","","[M050593]벤즈트로핀메실레이트/[M200496]메실산벤즈트로핀/[M247864]벤즈트로핀메실산염","[01190]기타의 중추신경용약","정제/유화주사제/용액용분말주사제/서방성현탁액용분말주사제/용액용동결건조분말주사제/현탁액용동결건조분말주사제/서방성현탁액용동결건조분말주사제/리포좀화현탁액용동결건조분말주사제/현탁액주사제/서방성현탁액성주사제/용액주사제",20140109,"생명을 위협하는 경우를 제외하고는 3세 미만 소아에 사용하지 말 것","","정상","3세 미만"
483,"특정연령대금기","단일",D000724,Bicalutamide,"비칼루타미드","","[M089188]비칼루타마이드/[M259016]비칼루타미드","[04210]항악성종양제","정제",20140109,_,"","정상","18세 미만"
484,"특정연령대금기","단일",D000641,Brimonidine,"브리모니딘","","[M090423]주석산브리모니딘/[M251494]브리모니딘타르타르산염/[M255020]브리모니딘타르타르산염","[01310]안과용제","점안용액제/용액용점안분말제/현탁액점안제/안연고제/안겔/점안주사제",20140109,"- 안전성 및 유효성 미확립
- 시판 후 조사에서 이 약을 투여 받은 영아에서 무호흡, 서맥, 혼수, 저혈압, 저체온, 근육긴장저하, 기면, 창백, 호흡억제, 졸음이 보고됨","","정상","2세 미만"
485,"특정연령대금기","복합",D000641,Brimonidine,"브리모니딘","[D000684]Timolol(티몰롤)","[M090423]주석산브리모니딘/[M251494]브리모니딘타르타르산염/[M255020]브리모니딘타르타르산염/[M051656]말레인산티몰롤/[M096214]말레인산티몰롤/[M222894]티몰롤말레산염/[M256384]티몰롤말레산염","[01310]안과용제","점안용액제/용액용점안분말제/현탁액점안제/안연고제/안겔/점안주사제",20140109,"- 안전성 및 유효성 미확립
- 시판 후 조사에서 이 약을 투여 받은 신생아에서 무호흡, 서맥, 저혈압, 체온저하, 혼수상태, 졸음, 근긴장저하, 무기력, 창백, 호흡저하가 보고됨","","정상","2세 미만"
486,"특정연령대금기","단일",D000331,Butorphanol,"부토르파놀","","[M088405]주석산부토르파놀/[M206210]주석산부토르파놀/[M250986]부토르파놀타르타르산염","[01140]해열.진통.소염제","용액주사제/유화주사제/용액용분말주사제/서방성현탁액용분말주사제/용액용동결건조분말주사제/현탁액용동결건조분말주사제/서방성현탁액용동결건조분말주사제/리포좀화현탁액용동결건조분말주사제/현탁액주사제/서방성현탁액성주사제",20140109,"안전성 및 유효성 미확립","","정상","18세 이하"
487,"특정연령대금기","단일",D000767,Capsaicin,"캡사이신","","[M050720]천연캡사이신","[02640]진통.진양.수렴.소염제","크림",20140109,_,"","삭제","2세 미만"
488,"특정연령대금기","단일",D000648,"Cefetamet Pivoxil","세페타메트피복실","","[M093786]염산세페타메트피복실/[M243849]세페타메트피복실염산염","[06180]주로 그람양성, 음성균에 작용하는 것","정제/산제/용액용산제/현탁액용산제/세립/용액용세립제/현탁액용세립제",20140109,_,"","정상","3세 미만"
489,"특정연령대금기","단일",D000647,Cetirizine,"세티리진","","[M051285]염산세티리진/[M222857]세티리진염산염","[01410]항히스타민제","경구용현탁액제/점이제, 현탁액용산제/현탁액제용주사용용제/직장용현탁액제/일반현탁분무제/정량현탁분무제/이식용현탁액제/점이현탁액제/유제/틴크제/전제/침제/레모네이드제/방향수제/주정제/피부액제/피부리니멘트제/도료/샴푸/경구용액제/질세정액/관류제/점이액제/혈액항응고보존액제/밀폐제용용액제/장기보존용액제/주사/피부단자시험용용액/방광내적용용액/액상시럽제/건조시럽용 과립제",20140109,_,"","정상","2세 미만"
490,"특정연령대금기","단일",D000647,Cetirizine,"세티리진","","[M051285]염산세티리진/[M222857]세티리진염산염","[01410]항히스타민제","정제/캡슐",20140109,"안전성 및 유효성 미확립","","정상","6세 미만"
491,"특정연령대금기","단일",D000584,Chlorpromazine,"클로르프로마진","","[M040618]염산클로르프로마진/[M223216]클로르프로마진염산염","[01170]정신신경용제","정제",20140109,"추체외로증상 특히 운동장애가 나타나기 쉬움","","정상","1세 미만"
492,"특정연령대금기","단일",D000276,Chlorprothixene,"클로르프로틱센","","[M051534]클로르프로칙센","[01170]정신신경용제","정제",20140109,"- 안전성 및 유효성 미확립
- 페노치아진계 약물을 소아에 투여한 경우 추체외로증상 특히 운동장애가 나타나기 쉬움","","정상","6세 미만"
493,"특정연령대금기","단일",D000142,Ciprofloxacin,"시프로플록사신","","[M082454]염산시프로프록사신/[M091139]시프로플록사신/[M095543]염산시프로플록사신/[M223091]시프로플록사신염산염수화물/[M242850]시프로플록사신염산염","[06290]기타의 화학요법제","정제/유화주사제/용액용분말주사제/서방성현탁액용분말주사제/용액용동결건조분말주사제/현탁액용동결건조분말주사제/서방성현탁액용동결건조분말주사제/리포좀화현탁액용동결건조분말주사제/현탁액주사제/서방성현탁액성주사제/용액주사제",20140109,"- 안전성 및 유효성 미확립
- 퀴놀론계 항균제는 몇몇 어린 동물종에서 특히 체중부하부위의 관절병증, 뼈연골증을 유발함","","정상","18세 미만"
494,"특정연령대금기","단일",D000374,Clemastine,"클레마스틴","","[M051505]푸마르산클레마스틴/[M223199]클레마스틴푸마르산염","[01410]항히스타민제","정제/유화주사제/용액용분말주사제/서방성현탁액용분말주사제/용액용동결건조분말주사제/현탁액용동결건조분말주사제/서방성현탁액용동결건조분말주사제/리포좀화현탁액용동결건조분말주사제/현탁액주사제/서방성현탁액성주사제/용액주사제",20140109,"진정 또는 수면 무호흡증, 경련, 흥분 등 중추신경증상을 일으킬 수 있음","","정상","1세 이하"
495,"특정연령대금기","단일",D000479,"Clobetasol Propionate","클로베타솔 프로피오네이트","","[M051539]프로피온산클로베타솔/[M223224]클로베타솔프로피오네이트","[02690]기타의 외피용약/[02640]진통.진양.수렴.소염제","경구용현탁액제/점이제, 현탁액용산제/현탁액제용주사용용제/직장용현탁액제/일반현탁분무제/정량현탁분무제/이식용현탁액제/점이현탁액제/유제/틴크제/전제/침제/레모네이드제/방향수제/주정제/피부액제/피부리니멘트제/도료/샴푸/경구용액제/질세정액/관류제/점이액제/혈액항응고보존액제/밀폐제용용액제/장기보존용액제/주사/피부단자시험용용액/방광내적용용액/연고/크림",20140109,"소아는 체중당 체표면적의 비율이 성인보다 커서 코르티코이드로 인해 HPA축(시상하부-뇌하수체-부신 축) 억제, 쿠싱증후군, 발육장애, 두개내압항진 등이 나타나기 쉬움","","정상","1세 이하"
496,"특정연령대금기","단일",D000025,Cyclopentolate,"시클로펜톨레이트","","[M050612]염산시클로펜톨레이트/[M223084]시클로펜톨레이트염산염","[01310]안과용제","점안용액제/용액용점안분말제/현탁액점안제/안연고제/안겔/점안주사제",20140109,"- 영아, 유아, 경련성 마비 또는 뇌손상이 있는 소아에서 이 약의 감수성 증가가 보고됨
- 신생아에 투여 시 음식섭취 과민증(feeding intolerance)이 뒤따를 수 있으므로 투여 후 4시간 동안 음식섭취 억제 필요","","정상","1세 미만"
497,"특정연령대금기","단일",D000026,Cyproheptadine,"시프로헵타딘","","[M040335]염산시프로헵타딘/[M081195]오로트산시프로헵타딘/[M094432]시프로헵타딘/[M223093]시프로헵타딘염산염수화물/[M254960]시프로헵타딘오로트산염수화물","[01410]항히스타민제","정제",20140109,"안전성 및 유효성 미확립","","정상","2세 이하"
498,"특정연령대금기","단일",D000293,Dactinomycin,"닥티노마이신","","[M085416]닥티노마이신","[06170]주로 악성종양에 작용하는 것","용액주사제/유화주사제/용액용분말주사제/서방성현탁액용분말주사제/용액용동결건조분말주사제/현탁액용동결건조분말주사제/서방성현탁액용동결건조분말주사제/리포좀화현탁액용동결건조분말주사제/현탁액주사제/서방성현탁액성주사제",20140109,"영아에 대해 독성이 빈번하게 발생","","정상","1세 미만"
499,"특정연령대금기","단일",D000696,Dexketoprofen,"덱스케토프로펜","","[M213126]덱스케토프로펜트로메타몰","[01140]해열.진통.소염제","정제/유화주사제/용액용분말주사제/서방성현탁액용분말주사제/용액용동결건조분말주사제/현탁액용동결건조분말주사제/서방성현탁액용동결건조분말주사제/리포좀화현탁액용동결건조분말주사제/현탁액주사제/서방성현탁액성주사제/용액주사제",20140109,"안전성 및 유효성 미확립","","정상","12세 이하"
500,"특정연령대금기","단일",D000090,Diazepam,"디아제팜","","[M040102]디아제팜","[01170]정신신경용제","정제",20140109,"안전성 유효성 미확립","","정상","6개월 이하"
501,"특정연령대금기","단일",D000090,Diazepam,"디아제팜","","[M040102]디아제팜","[01170]정신신경용제","용액주사제/유화주사제/용액용분말주사제/서방성현탁액용분말주사제/용액용동결건조분말주사제/현탁액용동결건조분말주사제/서방성현탁액용동결건조분말주사제/리포좀화현탁액용동결건조분말주사제/현탁액주사제/서방성현탁액성주사제",20140109,"(벤질알코올 함유 제품에 한함) 벤질알코올은 조숙아에서 치명적인 가쁜 호흡증상과 연관이 있는 것으로 보고됨","","정상","4주 미만"
503,"특정연령대금기","단일",D000089,Dicyclomine,"디시클로민","","[M101239]염산디싸이클로민/[M222968]디싸이클로민염산염/[M256709]디시클로민염산염/[M258931]디사이클로민염산염","[01240]진경제","정제/캡슐",20140109,"안전성 및 유효성 미확립","","정상","6개월 이하"
502,"특정연령대금기","단일",D000506,Diclofenac,"디클로페낙","","[M050288]디클로페낙나트륨/[M083248]디클로페낙/[M083349]디클로페낙베타디메칠아미노에탄올/[M084600]디클로페낙칼륨/[M086205]디클로페낙디에칠암모늄/[M102665]디클로페낙에폴아민/[M230206]디클로페낙 β-디메칠아미노에탄올/[M249599]디클로페낙디에틸암모늄/[M251996]디클로페낙베타디메틸아미노에탄올/[M252249]디클로페낙β-디메틸아미노에탄올/[M255472]디클로페낙디에틸아민염/[M256203]디클로페낙디에틸아민","[01140]해열.진통.소염제","용액주사제/유화주사제/용액용분말주사제/서방성현탁액용분말주사제/용액용동결건조분말주사제/현탁액용동결건조분말주사제/서방성현탁액용동결건조분말주사제/리포좀화현탁액용동결건조분말주사제/현탁액주사제/서방성현탁액성주사제",20140109,"벤질알코올은 조숙아에서 치명적인 가쁜 호흡증상과 연관이 있는 것으로 보고됨","","정상","4주 미만"
504,"특정연령대금기","단일",D000505,Diethylpropion,"디에틸프로피온","","[M215226]염산디에칠프로피온/[M230781]디에틸프로피온염산염","[01230]자율신경제","정제",20140109,"안전성 및 유효성 미확립","","정상","16세 이하"
505,"특정연령대금기","단일",D000182,Tigecycline,"타이제사이클린","","[M215175]타이제사이클린","[06180]주로 그람양성, 음성균에 작용하는 것","용액주사제/유화주사제/용액용분말주사제/서방성현탁액용분말주사제/용액용동결건조분말주사제/현탁액용동결건조분말주사제/서방성현탁액용동결건조분말주사제/리포좀화현탁액용동결건조분말주사제/현탁액주사제/서방성현탁액성주사제",20140109,"치아발달기의 환자(임신 후반기, 영아 및 8세 이하의 소아)에게 이 약을 사용할 경우 영구적인 치아 변색을 유발할 수 있음","","정상","8세 이하"
506,"특정연령대금기","단일",D000805,Timonacic,"티모나식","","[M051587]티모나식","[03910]간장질환용제","정제/캡슐",20140109,_,"","정상","12세 미만"
507,"특정연령대금기","단일",D000065,Topiramate,"토피라메이트","","[M087104]토피라메이트","[01130]항전간제","정제/캡슐",20140109,"안전성 및 유효성 미확립","","정상","2세 미만"
508,"특정연령대금기","단일",D000806,Trometamol,"트로메타몰","","[I006713]티아프로펜산트로메타몰/[M082380]트로메타몰티아프로페닌산/[M092522]트로메타몰티아프로페닌산","[01140]해열.진통.소염제","용액주사제/유화주사제/용액용분말주사제/서방성현탁액용분말주사제/용액용동결건조분말주사제/현탁액용동결건조분말주사제/서방성현탁액용동결건조분말주사제/리포좀화현탁액용동결건조분말주사제/현탁액주사제/서방성현탁액성주사제",20140109,_,"","정상","2세 이하"
509,"특정연령대금기","단일",D000569,Udenafil,"유데나필","","[M102602]유데나필","[02590]기타의 비뇨생식기관 및 항문용약","정제",20140109,_,"","정상","18세 이하"
510,"특정연령대금기","단일",D000434,Vardenafil,"바데나필","","[M252262]바데나필염산염(미분화)","[02590]기타의 비뇨생식기관 및 항문용약","정제",20140109,_,"","정상","18세 미만"
511,"특정연령대금기","단일",D000638,Venlafaxine,"벤라팍신","","[M088219]염산벤라팍신/[M091246]염산벤라팍신서방성과립/[M207949]염산벤라팍신펠렛/[M241528]벤라팍신염산염/[M241640]벤라팍신염산염서방성과립/[M241643]벤라팍신염산염서방과립/[M242800]벤라팍신염산염펠렛","[01170]정신신경용제","정제/캡슐",20140109,"- 안전성 및 유효성 미확립
- 소아 임상 시험에서 자살생각(suicidal ideation)의 이상반응이 관찰됨. 적개심 및 특히 주요 우울 장애의 경우, 자해(self-harm)의 보고 증가","","정상","18세 미만"
512,"특정연령대금기","단일",D000271,"Zolpidem tartrate","졸피뎀타르타르산염","","[M088392]주석산졸피뎀/[M222883]졸피뎀타르타르산/[M239566]졸피뎀타르타르산염/[M261178]졸피뎀타르타르산염","[01120]최면진정제","정제",20140109,"- 안전성 및 유효성 미확립
- 현기증, 두통, 환각을 포함한 정신 신경계 이상반응이 위약군에 비해 흔하게 나타남","","정상","18세 미만"
513,"특정연령대금기","단일",D000598,"6Beta-Iodomethyl-19-Norcholest-5(10)-en-3Beta-ol (131I)","6베타-요오도메틸-19-노르코레스트-5(10)-엔-3베타-올(131I)","","[M093573]6β-요오드메칠-19-노르-코레스트-5(10)-엔3β-올(131 I)","[04310]방사성 의약품","용액주사제/유화주사제/용액용분말주사제/서방성현탁액용분말주사제/용액용동결건조분말주사제/현탁액용동결건조분말주사제/서방성현탁액용동결건조분말주사제/리포좀화현탁액용동결건조분말주사제/현탁액주사제/서방성현탁액성주사제",20140109,"- 안전성 및 유효성 미확립
- 18세 미만의 환자에는 성선(性腺), 특히 난소에의 피폭이 많으므로 투여하지 않는 것이 원칙임","","정상","18세 미만"
514,"특정연령대금기","단일",D000534,Balofloxacin,"발로플록사신","","[M081620]발로플록사신","[06290]기타의 화학요법제","정제",20141104,"- 안전성 및 유효성 미확립
- 다른 퀴놀론계 항균제는 몇몇 어린 동물종에서 관절병증, 뼈연골증을 유발함","","정상","18세 미만"
515,"특정연령대금기","단일",D000430,Moxifloxacin,"목시플록사신","","[M090822]염산목시플록사신/[M247915]목시플록사신염산염/[M247929]목시플록사신","[06290]기타의 화학요법제","정제/유화주사제/용액용분말주사제/서방성현탁액용분말주사제/용액용동결건조분말주사제/현탁액용동결건조분말주사제/서방성현탁액용동결건조분말주사제/리포좀화현탁액용동결건조분말주사제/현탁액주사제/서방성현탁액성주사제/용액주사제",20141104,"안전성 및 유효성 미확립","","정상","18세 미만"
516,"특정연령대금기","단일",D000589,Tosufloxacine,"토수플록사신","","[M085017]토실산토수플록사신/[M252750]토수플록사신토실산염수화물","[06290]기타의 화학요법제","정제",20141104,"안전성 및 유효성 미확립","","정상","18세 미만"
517,"특정연령대금기","단일",D000177,Codeine,"코데인","","[M206948]인산코데인/[M223188]코데인인산염수화물","[08110]아편알카로이드계 제제","정제",20141104,"코데인이 모르핀으로 대사되는 과정이 다양하고 예측 불가능하여 모르핀으로 인한 독성이 나타날 위험이 있음","","정상","12세 이하"
518,"특정연령대금기","복합",D000177,Codeine,"코데인","[D000147]Acetaminophen(아세트아미노펜)","[M206948]인산코데인/[M223188]코데인인산염수화물/[M040353]아세트아미노펜/[M082309]아세트아미노펜제피세립/[M233006]아세트아미노펜 DC 500/600/[M246556]아세트아미노펜 (미분화)/[M262287]아세트아미노펜 과립","[08110]아편알카로이드계 제제","정제",20141104,"코데인이 모르핀으로 대사되는 과정이 다양하고 예측 불가능하여 모르핀으로 인한 독성이 나타날 위험이 있음","","정상","12세 이하"
519,"특정연령대금기","복합",D000177,Codeine,"코데인","[D000147]Acetaminophen(아세트아미노펜)/[D000363]Ibuprofen(이부프로펜)","[M206948]인산코데인/[M223188]코데인인산염수화물/[M040353]아세트아미노펜/[M082309]아세트아미노펜제피세립/[M233006]아세트아미노펜 DC 500/600/[M246556]아세트아미노펜 (미분화)/[M262287]아세트아미노펜 과립/[M051259]이부프로펜/[M071015]이부프로펜리신/[M086772]이부프로펜제피세립/[M209277]이부프로펜아르기닌/[M246943]이부프로펜나트륨이수화물","[08110]아편알카로이드계 제제","캡슐",20141104,"코데인이 모르핀으로 대사되는 과정이 다양하고 예측 불가능하여 모르핀으로 인한 독성이 나타날 위험이 있음","","정상","12세 이하"
520,"특정연령대금기","단일",D000489,Thiocolchicoside,"티오콜키코시드","","[M095614]치오콜치코시드/[M251172]티오콜키코시드","[01220]골격근이완제","캡슐/유화주사제/용액용분말주사제/서방성현탁액용분말주사제/용액용동결건조분말주사제/현탁액용동결건조분말주사제/서방성현탁액용동결건조분말주사제/리포좀화현탁액용동결건조분말주사제/현탁액주사제/서방성현탁액성주사제/용액주사제",20141104,"염색체 이수성(염색체 수 또는 배열이상) 초래 가능성 보고(식약처 안전성서한2013-11-27)","","정상","16세 미만"
521,"특정연령대금기","복합",D000489,Thiocolchicoside,"티오콜키코시드","[D000232]Aescin(에스신)","[M095614]치오콜치코시드/[M251172]티오콜키코시드/[M080565]무정형에스신","[01220]골격근이완제","정제",20141104,"염색체 이수성(염색체 수 또는 배열이상) 초래 가능성 보고(식약처 안전성서한2013-11-27)","","정상","16세 미만"
522,"특정연령대금기","단일",D000737,Avanafil,"아바나필","","[M252563]아바나필","[02590]기타의 비뇨생식기관 및 항문용약","정제",20150423,_,"","정상","18세 이하"
523,"특정연령대금기","단일",D000395,Darunavir,"다루나비르","","[M258751]다루나비르에탄올레이트","[06290]기타의 화학요법제","정제",20150423,"안전성 및 유효성 미확립","","정상","3세 미만"
524,"특정연령대금기","복합",D000576,"Sodium dihydrogen Phosphate","인산이수소나트륨","[D000764]Sodium Phosphate Dibasic Dihydrate(인산일수소나트륨)","[M051286]인산이수소나트륨/[M083252]인산이수소나트륨일수화물/[M232835]인산이수소나트륨수화물/[M040513]인산일수소나트륨/[M089733]인산수소나트륨칠수화물/[M228832]인산수소나트륨무수물/[M249575]인산일수소나트륨수화물","[02380]하제, 완장제","관장제",20150423,"신장 및 심장에 심각한 손상 가능성 보고(FDA 안전성 정보 (FDA Drug Safety Communication)(‘14.1.8) )","","정상","3세 미만"
525,"특정연령대금기","복합",D000764,"Sodium Phosphate Dibasic Dihydrate","인산일수소나트륨","[D000576]Sodium dihydrogen Phosphate(인산이수소나트륨)","[M040513]인산일수소나트륨/[M089733]인산수소나트륨칠수화물/[M228832]인산수소나트륨무수물/[M249575]인산일수소나트륨수화물/[M051286]인산이수소나트륨/[M083252]인산이수소나트륨일수화물/[M232835]인산이수소나트륨수화물","[02380]하제, 완장제/[07210]X선조영제","경구용현탁액제/점이제, 현탁액용산제/현탁액제용주사용용제/직장용현탁액제/일반현탁분무제/정량현탁분무제/이식용현탁액제/점이현탁액제/유제/틴크제/전제/침제/레모네이드제/방향수제/주정제/피부액제/피부리니멘트제/도료/샴푸/경구용액제/질세정액/관류제/점이액제/혈액항응고보존액제/밀폐제용용액제/장기보존용액제/주사/피부단자시험용용액/방광내적용용액",20150423,"신장 및 심장에 심각한 손상 가능성 보고(FDA 안전성 정보 (FDA Drug Safety Communication)(‘14.1.8) )","","정상","5세 이하"
526,"특정연령대금기","단일",D000558,Efavirenz,"에파비렌즈","","[M088675]에파비렌즈","[06290]기타의 화학요법제","정제",20150423,"- 안전성 및 유효성 미확립
- 소아에서 성인에 비해 발진(Grade 3 또는 4 포함)이 더 높은 빈도로 보고됨","","정상","3개월 미만"
527,"특정연령대금기","단일",D000490,Pazopanib,"파조파닙","","[M250589]파조파닙염산염","[04210]항악성종양제","정제",20150423,"- 안전성 및 유효성 미확립
- 생후 초기 발달 동안 기관 성장 및 성숙에 중대한 영향을 미침","","정상","2세 미만"
528,"특정연령대금기","단일",D000808,Pazufloxacin,"파주플록사신","","[M247526]파주플록사신메실산염","[06290]기타의 화학요법제","용액주사제/유화주사제/용액용분말주사제/서방성현탁액용분말주사제/용액용동결건조분말주사제/현탁액용동결건조분말주사제/서방성현탁액용동결건조분말주사제/리포좀화현탁액용동결건조분말주사제/현탁액주사제/서방성현탁액성주사제",20150423,"- 안전성 및 유효성 미확립
- 퀴놀론계 항균제는 몇몇 어린 동물종에서 관절병증, 뼈연골증을 유발함","","정상","18세 이하"
529,"특정연령대금기","단일",D000663,"Live, attenuated, Yellow Fever virus 17D","약독 황열 생바이러스 17D(AB237주)","","[M252482]약독 황열 생바이러스 17D(AB237주)","[06310]백신류","용액주사제/유화주사제/용액용분말주사제/서방성현탁액용분말주사제/용액용동결건조분말주사제/현탁액용동결건조분말주사제/서방성현탁액용동결건조분말주사제/리포좀화현탁액용동결건조분말주사제/현탁액주사제/서방성현탁액성주사제",20150423,_,"","정상","6개월 미만"
530,"특정연령대금기","단일",D000564,Xylometazoline,"키실로메타졸린","","[M051554]염산키실로메타졸린","[01320]이비과용제","일반액상분무제/정량액상분무제/일반분말분무제/정량분말분무제",20221215,_,"","정상","12세 미만"
531,"특정연령대금기","단일",D000564,Xylometazoline,"키실로메타졸린","","[M051554]염산키실로메타졸린","[01320]이비과용제","일반액상분무제/정량액상분무제/일반분말분무제/정량분말분무제",20151130,_,"","정상","2세 미만"
535,"특정연령대금기","단일",D000092,Dihydrocodeine,"디히드로코데인","","[M051341]주석산수소디히드로코데인/[M247988]디히드로코데인주석산염/[M249060]디히드로코데인타르타르산염/[M261072]디히드로코데인타르타르산염","[08110]아편알카로이드계 제제","정제",20140109,"코데인이 모르핀으로 대사되는 과정이 다양하고 예측불가능하여 모르핀으로 인한 독성이 나타날 위험이 있음","","정상","12세 이하"
536,"특정연령대금기","단일",D000319,Dolasetron,"돌라세트론","","[M102047]메실산돌라세트론","[02350]최토제, 진토제","용액주사제/유화주사제/용액용분말주사제/서방성현탁액용분말주사제/용액용동결건조분말주사제/현탁액용동결건조분말주사제/서방성현탁액용동결건조분말주사제/리포좀화현탁액용동결건조분말주사제/현탁액주사제/서방성현탁액성주사제",20140109,"소아 및 청소년에게 이 약을 투여 시 급격한 심전도 변화가 흔하게 나타나고, QTc 간격의 급격한 변화가 성인보다 소아에서 더 크게 나타남","","정상","18세 이하"
537,"특정연령대금기","단일",D000088,Doxazosin,"독사조신","","[M083467]메실산독사조신/[M252421]독사조신메실산염","[02140]혈압강하제","나정",20140109,"안전성 및 유효성 미확립","","정상","12세 이하"
538,"특정연령대금기","단일",D000503,Doxycycline,"독시사이클린","","[M020026]독시사이클린/[M020027]독시사이클린하이클레이트/[M084576]독시사이클린/[M222836]독시사이클린수화물/[M222960]독시사이클린하이클레이트수화물","[06150]주로 그람양성, 음성균, 리케치아, 비루스에 작용하는 것/[02310]치과구강용약","정제/캡슐",20140109,"소아 등 (특히 치아 형성기인 12세 미만의 소아)에 투여 시, 치아의 착색？법랑질 형성 부전, 또는 일과성 골발육 부전을 일으킬 수 있음","다만, 다른 약을 사용할 수 없거나 효과가 없는 경우에만 8세 이상 신중투여","정상","12세 미만"
539,"특정연령대금기","단일",D000296,Doxylamine,"독시라민","","[M226319]독시라민석시네이트/[M250452]독시라민숙신산염","[01120]최면진정제","정제/산제",20140109,"소아에 항히스타민제 투여 시 paradoxical excitation 유발 가능","","정상","15세 이하"
540,"특정연령대금기","단일",D000610,Dutasteride,"두타스테리드","","[M102694]두타스테리드","[02590]기타의 비뇨생식기관 및 항문용약","캡슐/정제",20140109,"안전성 및 유효성 미확립","","정상","18세 미만"
541,"특정연령대금기","단일",D000347,Enoxacin,"에녹사신","","[M081589]에녹사신/[M223120]에녹사신수화물","[06290]기타의 화학요법제","정제",20140109,"- 안전성 및 유효성 미확립
- 몇몇 동물종의 동물실험결과 관절이상이 보고됨","","정상","18세 이하"
542,"특정연령대금기","단일",D000612,Etidronate,"에티드로네이트","","[M082306]디소디움에티드로네이트","[03990]따로 분류되지 않는 대사성 의약품","정제",20140109,"- 안전성 및 유효성 미확립
- 소아에 투여 시 골 성장에 영향을 미칠 가능성이 있고 장기 투여에 의해 구루병양 증상이 일어난다는 보고가 있음","","정상","12세 미만"
543,"특정연령대금기","단일",D000557,Etomidate,"에토미데이트","","[M088929]에토미데이트","[01110]전신마취제","용액주사제/유화주사제/용액용분말주사제/서방성현탁액용분말주사제/용액용동결건조분말주사제/현탁액용동결건조분말주사제/서방성현탁액용동결건조분말주사제/리포좀화현탁액용동결건조분말주사제/현탁액주사제/서방성현탁액성주사제",20140109,_,"","정상","2세 미만"
544,"특정연령대금기","단일",D000097,Fentanyl,"펜타닐","","[M210478]구연산펜타닐/[M223286]펜타닐시트르산염/[M230151]펜타닐/[M259588]펜타닐시트르산염(미분화)/[M261073]펜타닐","[08210]합성마약","용액주사제/유화주사제/용액용분말주사제/서방성현탁액용분말주사제/용액용동결건조분말주사제/현탁액용동결건조분말주사제/서방성현탁액용동결건조분말주사제/리포좀화현탁액용동결건조분말주사제/현탁액주사제/서방성현탁액성주사제",20140109,"- 안전성 및 유효성 미확립
- 조산아에 펜타닐, 판쿠로늄, 아트로핀이 포함된 응급마취 및 수술 시 메트헤모글로빈혈증이 드물게 보고됨","","정상","2세 미만"
545,"특정연령대금기","단일",D000492,Ferumoxides,"페럼옥시드","","[M090247]페럼옥시드","[07210]X선조영제","용액주사제/유화주사제/용액용분말주사제/서방성현탁액용분말주사제/용액용동결건조분말주사제/현탁액용동결건조분말주사제/서방성현탁액용동결건조분말주사제/리포좀화현탁액용동결건조분말주사제/현탁액주사제/서방성현탁액성주사제",20140109,"안전성 및 유효성 미확립","","정상","18세 미만"
546,"특정연령대금기","단일",D000106,Flurazepam,"플루라제팜","","[M223321]플루라제팜염산염","[01120]최면진정제","정제",20140109,"안전성 및 유효성 미확립","","정상","15세 이하"
547,"특정연령대금기","단일",D000707,Fluticasone,"플루티카손","","[M070463]프로피온산플루티카손/[M222904]플루티카손프로피오네이트/[M233016]미분화플루티카손푸로에이트/[M241930]플루티카손프로피오네이트(미분화)/[M243509]플루티카손프로피오네이트(미분화)/[M259812]플루티카손푸로에이트(미분화)","[02640]진통.진양.수렴.소염제","크림",20140109,"- 안전성 및 유효성 미확립
- 소아는 체중당 체표면적의 비율이 성인보다 커서 코르티코이드로 인해 HPA축(시상하부-뇌하수체-부신 축) 억제, 쿠싱증후군, 발육장애 등이 나타나기 쉬우며, 치료 중 또는 치료중단 후 부신부전이 나타날 위험이 높음","","정상","3개월 미만"
548,"특정연령대금기","단일",D000170,Gemifloxacin,"제미플록사신","","[A005170]제미플록사신","[06290]기타의 화학요법제","정제/용액용동결건조분말주사제",20140109,"- 안전성 및 유효성 미확립
- 퀴놀론계 항균제는 몇몇 어린 동물종에서 관절병증, 뼈연골증을 유발","","정상","18세 이하"
549,"특정연령대금기","단일",D000415,Hydroxocobalamin,"히드록소코발라민","","[M223357]히드록소코발라민아세트산염","[01140]해열.진통.소염제","용액주사제/유화주사제/용액용분말주사제/서방성현탁액용분말주사제/용액용동결건조분말주사제/현탁액용동결건조분말주사제/서방성현탁액용동결건조분말주사제/리포좀화현탁액용동결건조분말주사제/현탁액주사제/서방성현탁액성주사제",20140109,"벤질알코올은 조숙아에서 치명적인 가쁜 호흡증상과 연관이 있는 것으로 보고됨","","정상","4주 미만"
550,"특정연령대금기","단일",D000668,"Ibandronic acid","이반드론산","","[M102556]이반드론산나트륨일수화물/[M256854]이반드론산나트륨수화물","[03990]따로 분류되지 않는 대사성 의약품","정제/유화주사제/용액용분말주사제/서방성현탁액용분말주사제/용액용동결건조분말주사제/현탁액용동결건조분말주사제/서방성현탁액용동결건조분말주사제/리포좀화현탁액용동결건조분말주사제/현탁액주사제/서방성현탁액성주사제/용액주사제",20140109,"안전성 및 유효성 미확립","","정상","18세 이하"
551,"특정연령대금기","단일",D000573,Isopropylantipyrine,"이소프로필안티피린","","[M040499]이소프로필안티피린","[01140]해열.진통.소염제","정제",20140109,"이소프로필안티피린 함유제제(단일제, 복합제)","","정상","15세 미만"
552,"특정연령대금기","단일",D000672,Ketoprofen,"케토프로펜","","[M051464]케토프로펜/[M081361]케토프로펜리신","[02310]치과구강용약","경구용현탁액제/점이제, 현탁액용산제/현탁액제용주사용용제/직장용현탁액제/일반현탁분무제/정량현탁분무제/이식용현탁액제/점이현탁액제/유제/틴크제/전제/침제/레모네이드제/방향수제/주정제/피부액제/피부리니멘트제/도료/샴푸/경구용액제/질세정액/관류제/점이액제/혈액항응고보존액제/밀폐제용용액제/장기보존용액제/주사/피부단자시험용용액/방광내적용용액/가글제",20140109,"안전성 및 유효성 미확립","","정상","6세 미만"
553,"특정연령대금기","단일",D000672,Ketoprofen,"케토프로펜","","[M051464]케토프로펜/[M081361]케토프로펜리신","[02640]진통.진양.수렴.소염제","경피흡수제/서방성경피흡수제/지지체가있는첩부제/지지체가없는첩부제/카타플라스마제/전류조절형서방성경피흡수제/연고/겔",20140109,_,"","정상","15세 미만"
554,"특정연령대금기","단일",D000672,Ketoprofen,"케토프로펜","","[M051464]케토프로펜/[M081361]케토프로펜리신","[01140]해열.진통.소염제","용액주사제/유화주사제/용액용분말주사제/서방성현탁액용분말주사제/용액용동결건조분말주사제/현탁액용동결건조분말주사제/서방성현탁액용동결건조분말주사제/리포좀화현탁액용동결건조분말주사제/현탁액주사제/서방성현탁액성주사제",20140109,"- 안전성 및 유효성 미확립
- 벤질알코올은 조숙아에서 치명적인 가쁜 호흡증상과 연관이 있는 것으로 보고됨","","정상","4주 미만"
555,"특정연령대금기","단일",D000274,Ketorolac,"케토롤락","","[M084703]케토롤락트로메타민/[M222885]케토롤락트로메타민염","[01140]해열.진통.소염제","정제",20140109,"안전성 및 유효성 미확립","","정상","16세 이하"
556,"특정연령대금기","단일",D000274,Ketorolac,"케토롤락","","[M084703]케토롤락트로메타민/[M222885]케토롤락트로메타민염","[01140]해열.진통.소염제","용액주사제/유화주사제/용액용분말주사제/서방성현탁액용분말주사제/용액용동결건조분말주사제/현탁액용동결건조분말주사제/서방성현탁액용동결건조분말주사제/리포좀화현탁액용동결건조분말주사제/현탁액주사제/서방성현탁액성주사제",20140109,"안전성 및 유효성 미확립","","정상","2세 미만"
557,"특정연령대금기","복합",D000302,Levodopa,"레보도파","[D000563]Benserazide(벤세라지드)","[M040122]레보도파/[A005563]벤세라지드","[01190]기타의 중추신경용약","정제/캡슐",20140109,"- 안전성 및 유효성 미확립
- 동물실험에서 벤세라지드에 의해 골격기형이 나타남","","정상","25세 미만"
558,"특정연령대금기","단일",D000793,Levofloxacin,"레보플록사신","","[M085584]레보플록사신/[M088567]레보플록사신수화물/[M251128]레보플록사신수화물","[06290]기타의 화학요법제","정제/유화주사제/용액용분말주사제/서방성현탁액용분말주사제/용액용동결건조분말주사제/현탁액용동결건조분말주사제/서방성현탁액용동결건조분말주사제/리포좀화현탁액용동결건조분말주사제/현탁액주사제/서방성현탁액성주사제/용액주사제",20140109,"- 안전성 및 유효성 미확립
- 퀴놀론계 항균제는 몇몇 어린 동물종에서 관절병증, 뼈연골증을 유발","","정상","18세 이하"
559,"특정연령대금기","복합",D000709,Lidocaine,"리도카인","[D000622]Prilocaine(프릴로카인)","[M040131]리도카인/[M050364]염산리도카인/[M203064]리도카인염산염일수화물/[M222842]리도카인염산염수화물/[M241764]리도카인염산염/[M087237]프릴로카인","[01210]국소마취제","크림/겔",20140109,"- 흡수에 대한 자료가 불완전하므로 소아의 생식기 점막에는 적용하지 말 것
- 메트헤모글로빈의 일시적 증가 보고","","정상","3개월 이하"
560,"특정연령대금기","단일",D000423,Lindane,"린단","","[M050381]린단","[02650]기생성 피부질환용제","경구용현탁액제/점이제, 현탁액용산제/현탁액제용주사용용제/직장용현탁액제/일반현탁분무제/정량현탁분무제/이식용현탁액제/점이현탁액제/유제/틴크제/전제/침제/레모네이드제/방향수제/주정제/피부액제/피부리니멘트제/도료/샴푸/경구용액제/질세정액/관류제/점이액제/혈액항응고보존액제/밀폐제용용액제/장기보존용액제/주사/피부단자시험용용액/방광내적용용액/크림",20140109,"안전성 문제로 소아에서 옴, 머릿니 치료에 권고되지 않음, 체중이 50kg 미만인 소아에 사용 시 신중투여(미국소아과학회, AAP2012)","","정상","3세 미만"
561,"특정연령대금기","단일",D000523,Lomefloxacin,"로메플록사신","","[M084914]염산로메플록사신/[M229183]로메플록사신염산염","[06290]기타의 화학요법제","정제/캡슐",20140109,"- 안전성 및 유효성 미확립
- 몇몇 어린 동물종을 이용한 동물실험결과 관절이상이 보고됨","","정상","18세 이하"
562,"특정연령대금기","단일",D000222,"Loperamide Hydrochloride","로페라미드염산염","","[M050356]염산로페라미드/[M222992]로페라미드염산염","[02370]정장제","정제/캡슐/액상시럽제/건조시럽용 과립제",20140109,_,"","정상","2세 미만"
563,"특정연령대금기","단일",D000708,Loratadine,"로라타딘","","[M082724]로라타딘/[M263169]로라타딘(미분화)","[01410]항히스타민제","액상시럽제/건조시럽용 과립제",20140109,_,"","정상","2세 미만"
564,"특정연령대금기","단일",D000708,Loratadine,"로라타딘","","[M082724]로라타딘/[M263169]로라타딘(미분화)","[01410]항히스타민제","정제/캡슐/구강붕해필름",20140109,_,"","정상","6세 미만"
565,"특정연령대금기","단일",D000218,Lorazepam,"로라제팜","","[M088374]로라제팜","[01170]정신신경용제","용액주사제/유화주사제/용액용분말주사제/서방성현탁액용분말주사제/용액용동결건조분말주사제/현탁액용동결건조분말주사제/서방성현탁액용동결건조분말주사제/리포좀화현탁액용동결건조분말주사제/현탁액주사제/서방성현탁액성주사제",20140109,"벤질알코올은 조숙아에서 치명적인 가쁜 호흡증상과 연관이 있는 것으로 보고됨","","정상","4주 미만"
566,"특정연령대금기","단일",D000115,Lornoxicam,"로녹시캄","","[M088931]로녹시캄","[01140]해열.진통.소염제","정제/유화주사제/용액용분말주사제/서방성현탁액용분말주사제/용액용동결건조분말주사제/현탁액용동결건조분말주사제/서방성현탁액용동결건조분말주사제/리포좀화현탁액용동결건조분말주사제/현탁액주사제/서방성현탁액성주사제/용액주사제",20140109,_,"","정상","18세 이하"
567,"특정연령대금기","단일",D000115,Lornoxicam,"로녹시캄","","[M088931]로녹시캄","[01140]해열.진통.소염제","용액주사제/유화주사제/용액용분말주사제/서방성현탁액용분말주사제/용액용동결건조분말주사제/현탁액용동결건조분말주사제/서방성현탁액용동결건조분말주사제/리포좀화현탁액용동결건조분말주사제/현탁액주사제/서방성현탁액성주사제",20140109,_,"","정상","65세 초과"
568,"특정연령대금기","단일",D000419,Lovastatin,"로바스타틴","","[M083392]로바스타틴","[02180]동맥경화용제","정제",20140109,"안전성 및 유효성 미확립","","정상","20세 미만"
569,"특정연령대금기","단일",D000714,Mazindol,"마진돌","","[M092419]마진돌","[01230]자율신경제","정제",20140109,"안전성 및 유효성 미확립","","정상","16세 이하"
570,"특정연령대금기","단일",D000427,Meloxicam,"멜록시캄","","[M086439]멜록시캄","[01140]해열.진통.소염제","정제/캡슐",20140109,_,"","정상","15세 이하"
571,"특정연령대금기","단일",D000631,Mesalazine,"메살라진","","[I002148]메살라진/[M083890]메살라진/[M088568]메살라민/[M095342]메살라민(5-아미노살리실산)","[02390]기타의 소화기관용약","정제/과립제",20140109,_,"","정상","2세 미만"
572,"특정연령대금기","단일",D000631,Mesalazine,"메살라진","","[I002148]메살라진/[M083890]메살라진/[M088568]메살라민/[M095342]메살라민(5-아미노살리실산)","[02390]기타의 소화기관용약","좌제",20140109,-,"","정상","4주 미만"
573,"특정연령대금기","단일",D000631,Mesalazine,"메살라진","","[I002148]메살라진/[M083890]메살라진/[M088568]메살라민/[M095342]메살라민(5-아미노살리실산)","[02390]기타의 소화기관용약","크림/관장제",20140109,"안전성 및 유효성 미확립","","정상","12세 미만"
574,"특정연령대금기","단일",D000158,Methacycline,"메타사이클린","","[M020046]염산메타사이클린","[06150]주로 그람양성, 음성균, 리케치아, 비루스에 작용하는 것","캡슐",20140109,"소아 등(특히 치아 형성기인 12세 미만의 소아)에 투여 시, 치아의 착색·법랑질 형성 부전, 또는 일과성 골발육 부전을 일으킬 수 있음","다만, 다른 약을 사용할 수 없거나 효과가 없는 경우에만 8세 이상 신중투여","정상","12세 미만"
575,"특정연령대금기","단일",D000229,Methylphenidate,"메틸페니데이트","","[M223025]메틸페니데이트염산염","[01150]각성제,흥분제","정제/캡슐",20140109,"안전성 및 유효성 미확립","","정상","5세 이하"
576,"특정연령대금기","단일",D000425,Metoclopramide,"메토클로프라미드","","[M050465]메토클로프라미드/[M050466]염산메토클로프라미드/[M223013]메토클로프라미드염산염수화물","[02390]기타의 소화기관용약","정제/유화주사제/용액용분말주사제/서방성현탁액용분말주사제/용액용동결건조분말주사제/현탁액용동결건조분말주사제/서방성현탁액용동결건조분말주사제/리포좀화현탁액용동결건조분말주사제/현탁액주사제/서방성현탁액성주사제/용액주사제",20140109,"추체외로장애 위험성 증가","","정상","1세 미만"
577,"특정연령대금기","복합",D000425,Metoclopramide,"메토클로프라미드","[D000803]Pancreatin(판크레아틴)","[M050465]메토클로프라미드/[M050466]염산메토클로프라미드/[M223013]메토클로프라미드염산염수화물/[M040678]판크레아틴/[M082071]판크레아틴장용과립/[M089689]판크레아틴I/[M089690]판크레아틴II/[M102500]판크레아틴장용성제피정/[M257265]판크레아틴장용성제피펠렛/[M261343]판크레아틴Ⅰ/[M262958]판크레아틴장용성제피미세정","[02390]기타의 소화기관용약","정제",20140109,"추체외로장애 위험성 증가","","정상","1세 미만"
578,"특정연령대금기","단일",D000326,Milnacipran,"밀나시프란","","[M251320]밀나시프란염산염","[01170]정신신경용제","캡슐",20140109,"안전성 및 유효성 미확립","","정상","18세 미만"
579,"특정연령대금기","단일",D000127,Minocycline,"미노사이클린","","[M223036]미노사이클린염산염","[06150]주로 그람양성, 음성균, 리케치아, 비루스에 작용하는 것","캡슐",20140109,"소아 등(특히 치아 형성기인 12세 미만의 소아)에 투여 시, 치아의 착색·법랑질 형성 부전, 또는 일과성 골발육 부전을 일으킬 수 있음","다만, 다른 약을 사용할 수 없거나 효과가 없는 경우에만 8세 이상 신중투여","정상","12세 미만"
580,"특정연령대금기","단일",D000128,Mirodenafil,"미로데나필","","[M214384]염산미로데나필/[M253534]미로데나필","[02590]기타의 비뇨생식기관 및 항문용약","정제/구강붕해필름",20140109,_,"","정상","18세 이하"
581,"특정연령대금기","단일",D000431,Molindone,"몰린돈","","[M086757]염산몰린돈/[M256587]몰린돈염산염","[01170]정신신경용제","정제",20140109,"안전성 및 유효성 미확립","","정상","12세 이하"
582,"특정연령대금기","단일",D000633,Mometasone,"모메타손","","[M070188]모메타손푸로에이트/[M099947]푸로산모메타손/[M264264]모메타손푸로에이트일수화물","[02640]진통.진양.수렴.소염제","피부로션제/연고/크림",20140109,"소아는 체중당 체표면적의 비율이 성인보다 커서 코르티코이드로 인해 HPA축(시상하부-뇌하수체-부신 축) 억제, 쿠싱증후군, 발육장애, 두개내압항진 등이 나타나기 쉬움","","정상","2세 이하"
583,"특정연령대금기","단일",D000231,Moxonidine,"목소니딘","","[M085598]목소니딘","[02140]혈압강하제","정제",20140109,"안전성 및 유효성 미확립","","정상","18세 미만"
584,"특정연령대금기","단일",D000783,"Nalidixic Acid","날리딕스산","","[M040054]날리딕스산","[06290]기타의 화학요법제","정제",20140109,"두개내압을 상승시켜 두통, 구토 등의 증상이 나타날 수 있음","","정상","3개월 미만"
585,"특정연령대금기","단일",D000605,Norfloxacin,"노르플록사신","","[M081284]노르플록사신","[06290]기타의 화학요법제","정제/캡슐",20140109,"- 안전성 및 유효성 미확립
- 퀴놀론계 항균제는 몇몇 어린 동물종에서 관절병증, 뼈연골증을 유발함","","정상","18세 이하"
586,"특정연령대금기","단일",D000466,Nortriptyline,"노르트립틸린","","[M050132]염산노르트립틸린","[01170]정신신경용제","정제",20140109,"안전성 및 유효성 미확립","","정상","18세 이하"
587,"특정연령대금기","단일",D000666,Ofloxacin,"오플록사신","","[M081639]오플록사신","[06290]기타의 화학요법제","정제/유화주사제/용액용분말주사제/서방성현탁액용분말주사제/용액용동결건조분말주사제/현탁액용동결건조분말주사제/서방성현탁액용동결건조분말주사제/리포좀화현탁액용동결건조분말주사제/현탁액주사제/서방성현탁액성주사제/용액주사제",20140109,"- 안전성 및 유효성 미확립
- 몇몇 어린 동물종에서 관절이상을 유발함","","정상","18세 이하"
588,"특정연령대금기","단일",D000357,Olanzapine,"올란자핀","","[M089222]올란자핀/[M233301]미세올란자핀","[01170]정신신경용제","정제/유화주사제/용액용분말주사제/서방성현탁액용분말주사제/용액용동결건조분말주사제/현탁액용동결건조분말주사제/서방성현탁액용동결건조분말주사제/리포좀화현탁액용동결건조분말주사제/현탁액주사제/서방성현탁액성주사제/용액주사제",20140109,"(정제)
- 안전성 및 유효성 미확립
- 체중증가, 진정, 총콜레스테롤, 중성지방, LDL콜레스테롤, 프로락틴과 간 아미노트랜스퍼라제 수치가 성인에 비해 증가
(주사제)
- 안전성 및 유효성 미확립","","정상","13세 미만"
589,"특정연령대금기","단일",D000356,Oxycodone,"옥시코돈","","[M040451]염산옥시코돈/[M238042]옥시코돈염산염","[08210]합성마약","정제/유화주사제/용액용분말주사제/서방성현탁액용분말주사제/용액용동결건조분말주사제/현탁액용동결건조분말주사제/서방성현탁액용동결건조분말주사제/리포좀화현탁액용동결건조분말주사제/현탁액주사제/서방성현탁액성주사제/용액주사제",20140109,"안전성 및 유효성 미확립","","정상","18세 미만"
590,"특정연령대금기","단일",D000754,Oxytetracycline,"옥시테트라사이클린","","[M223166]옥시테트라사이클린염산염","[06150]주로 그람양성, 음성균, 리케치아, 비루스에 작용하는 것","정제/캡슐",20140109,"소아 등(특히 치아 형성기인 12세 미만의 소아)에 투여시, 치아의 착색·법랑질 형성 부전, 또는 일과성 골발육 부전을 일으킬 수 있음","다만, 다른 약을 사용할 수 없거나 효과가 없는 경우에만 8세 이상 신중투여","정상","12세 미만"
591,"특정연령대금기","단일",D000424,Pefloxacin,"페플록사신","","[M081951]메탄설폰산페플록사신/[M250421]페플록사신메실산염수화물","[06290]기타의 화학요법제","정제/유화주사제/용액용분말주사제/서방성현탁액용분말주사제/용액용동결건조분말주사제/현탁액용동결건조분말주사제/서방성현탁액용동결건조분말주사제/리포좀화현탁액용동결건조분말주사제/현탁액주사제/서방성현탁액성주사제/용액주사제",20140109,"- 안전성 및 유효성 미확립
- 퀴놀론계 항균제는 몇몇 어린 동물종에서 관절병증, 뼈연골증을 유발함","","정상","15세 이하"
592,"특정연령대금기","단일",D000781,Perphenazine,"페르페나진","","[M091367]페르페나진/[M232514]페르페나진염산염","[01170]정신신경용제","정제/유화주사제/용액용분말주사제/서방성현탁액용분말주사제/용액용동결건조분말주사제/현탁액용동결건조분말주사제/서방성현탁액용동결건조분말주사제/리포좀화현탁액용동결건조분말주사제/현탁액주사제/서방성현탁액성주사제/용액주사제",20140109,"추체외로증상 특히 운동장애가 나타나기 쉬움","","정상","14세 이하"
593,"특정연령대금기","단일",D000701,"Phendimetrazine tartrate","펜디메트라진타르타르산염","","[M088437]주석산펜디메트라진/[M214394]주석산펜디메트라진/[M230784]펜디메트라진타르타르산염","[01230]자율신경제","정제",20140109,"안전성 및 유효성 미확립","","정상","16세 이하"
594,"특정연령대금기","단일",D000795,Phentermine,"펜터민","","[M099629]염산펜터민/[M219108]염산펜터민/[M238557]펜터민염산염","[01230]자율신경제","정제/캡슐",20140109,"안전성 및 유효성 미확립","","정상","16세 이하"
595,"특정연령대금기","단일",D000191,Phenylephrine,"페닐레프린","","[M040696]염산페닐에프린/[M222724]페닐레프린염산염/[M225151]페닐에프린염산염","[01310]안과용제","점안용액제",20140109,_,"","정상","4주 미만"
596,"특정연령대금기","단일",D000108,Pimecrolimus,"피메크로리무스","","[M097515]피메크로리무스","[02690]기타의 외피용약","크림",20140109,"- 안전성 및 유효성 미확립
- 영아의 면역기계 발달에 미치는 영향은 알려지지 않았음","","정상","2세 미만"
597,"특정연령대금기","단일",D000110,"Pipemidic Acid","피페미드산","","[M051885]피페미드산","[06290]기타의 화학요법제","캡슐",20140109,"- 안전성 및 유효성 미확립
- 퀴놀론계 항균제는 몇몇 어린 동물종에서 관절병증, 뼈연골증을 유발함","","정상","18세 이하"
598,"특정연령대금기","단일",D000307,Piracetam,"피라세탐","","[M101651]피라세탐","[01190]기타의 중추신경용약","정제/캡슐/용액주사제/유화주사제/용액용분말주사제/서방성현탁액용분말주사제/용액용동결건조분말주사제/현탁액용동결건조분말주사제/서방성현탁액용동결건조분말주사제/리포좀화현탁액용동결건조분말주사제/현탁액주사제/서방성현탁액성주사제",20140109,_,"","정상","16세 미만"
599,"특정연령대금기","단일",D000309,Piroxicam,"피록시캄","","[M071634]피록시캄","[01140]해열.진통.소염제","용액주사제/유화주사제/용액용분말주사제/서방성현탁액용분말주사제/용액용동결건조분말주사제/현탁액용동결건조분말주사제/서방성현탁액용동결건조분말주사제/리포좀화현탁액용동결건조분말주사제/현탁액주사제/서방성현탁액성주사제",20140109,"벤질알코올은 조숙아에게서 치명적인 가쁜 호흡증상과 연관이 있는 것으로 보고됨","","정상","4주 미만"
601,"특정연령대금기","단일",D000418,Repaglinide,"레파글리니드","","[M088889]레파글리니드","[03960]당뇨병용제","정제",20140109,"안전성 및 유효성 미확립","","정상","18세 미만"
602,"특정연령대금기","단일",D000040,Ritodrine,"리토드린","","[M050378]염산리토드린","[02590]기타의 비뇨생식기관 및 항문용약","캡슐/유화주사제/용액용분말주사제/서방성현탁액용분말주사제/용액용동결건조분말주사제/현탁액용동결건조분말주사제/서방성현탁액용동결건조분말주사제/리포좀화현탁액용동결건조분말주사제/현탁액주사제/서방성현탁액성주사제/용액주사제",20140109,_,"","정상","65세 이상"
603,"특정연령대금기","단일",D000040,Ritodrine,"리토드린","","[M050378]염산리토드린","[02590]기타의 비뇨생식기관 및 항문용약","캡슐/유화주사제/용액용분말주사제/서방성현탁액용분말주사제/용액용동결건조분말주사제/현탁액용동결건조분말주사제/서방성현탁액용동결건조분말주사제/리포좀화현탁액용동결건조분말주사제/현탁액주사제/서방성현탁액성주사제/용액주사제",20140109,_,"","정상","12세 미만"
604,"특정연령대금기","단일",D000246,Sildenafil,"실데나필","","[M089346]구연산실데나필/[M252789]실데나필시트르산염/[M253237]실데나필","[02590]기타의 비뇨생식기관 및 항문용약","구강붕해필름/정제/세립",20140109,_,"","정상","18세 이하"
605,"특정연령대금기","단일",D000446,"Silver Sulfadazine","설파디아진은","","[M050775]설파디아진은","[02630]화농성질환용제","크림",20140109,"- 안전성 및 유효성이 미확립
- 미숙아, 신생아(생후 2개월이내)는 핵황달을 일으킬 가능성 증가","","정상","2개월 미만"
607,"특정연령대금기","단일",D000183,Tetradecyl,"테트라데실","","[M089182]테트라데실황산나트륨콘센트레이트/[M210690]테트라데실황산나트륨","[03390]기타의 혈액 및 체액용약","용액주사제/유화주사제/용액용분말주사제/서방성현탁액용분말주사제/용액용동결건조분말주사제/현탁액용동결건조분말주사제/서방성현탁액용동결건조분말주사제/리포좀화현탁액용동결건조분말주사제/현탁액주사제/서방성현탁액성주사제",20140109,_,"","정상","3세 미만"
600,"특정연령대금기","단일",D000210,"Calcium Polystyrene Sulfonate","폴리스티렌설폰산칼슘","","[M081346]폴리스티렌설폰산칼슘","[02190]기타의 순환계용약","겔/산제/용액용산제/현탁액용산제/세립/용액용세립제/현탁액용세립제/과립제/서방성과립제/장용성과립제 /용액용과립제/현탁액용과립제/서방성현탁액용과립제/발포과립제/경구용현탁액제/점이제, 현탁액용산제/현탁액제용주사용용제/직장용현탁액제/일반현탁분무제/정량현탁분무제/이식용현탁액제/점이현탁액제/유제/틴크제/전제/침제/레모네이드제/방향수제/주정제/피부액제/피부리니멘트제/도료/샴푸/경구용액제/질세정액/관류제/점이액제/혈액항응고보존액제/밀폐제용용액제/장기보존용액제/주사/피부단자시험용용액/방광내적용용액/젤리형겔",20230705,_,"","정상","1개월 미만"
606,"특정연령대금기","단일",D000193,"Sodium Ferric Gluconate complex","글루콘산제이철나트륨복염","","[M089472]글루콘산제이철나트륨복염/[M095234]글루콘산제이철나트륨복염액/[M252430]글루콘산제이철나트륨착염","[03220]무기질제제","경구용현탁액제/캡슐/액상시럽제/건조시럽용 과립제/점이제, 현탁액용산제/현탁액제용주사용용제/직장용현탁액제/일반현탁분무제/정량현탁분무제/이식용현탁액제/점이현탁액제/유제/틴크제/전제/침제/레모네이드제/방향수제/주정제/피부액제/피부리니멘트제/도료/샴푸/경구용액제/질세정액/관류제/점이액제/혈액항응고보존액제/밀폐제용용액제/장기보존용액제/주사/피부단자시험용용액/방광내적용용액",20140109,_,"","정상","12개월 미만"
608,"특정연령대금기","복합",D000545,Sulfadiazine,"설파디아진","[D000067]Trimethoprim(트리메토프림)","[M050774]설파디아진/[M051623]트리메토프림","[06210]설화제","정제",20140109,"고빌리루빈혈증을 일으킬 수 있음","","정상","2개월 미만"
609,"특정연령대금기","복합",D000726,Sulfadoxine,"설파독신","[D000310]Pyrimethamine(피리메타민)","[M089110]설파독신/[M040752]피리메타민","[06410]항원충제","정제",20140109,"글루쿠로니드 형성 효소체계가 확립되어 있지 않은 2개월 미만의 영아에게는 투여하지 말 것","","정상","2개월 미만"
610,"특정연령대금기","복합",D000546,Sulfamethoxazole,"설파메톡사졸","[D000067]Trimethoprim(트리메토프림)","[M040283]설파메톡사졸/[M081371]설파메톡사졸나트륨/[M051623]트리메토프림","[06210]설화제","정제/유화주사제/용액용분말주사제/서방성현탁액용분말주사제/용액용동결건조분말주사제/현탁액용동결건조분말주사제/서방성현탁액용동결건조분말주사제/리포좀화현탁액용동결건조분말주사제/현탁액주사제/서방성현탁액성주사제/용액주사제/액상시럽제/건조시럽용 과립제",20140109,"고빌리루빈혈증을 일으킬 수 있음","","정상","2개월 미만"
611,"특정연령대금기","단일",D000727,Sulfasalazine,"설파살라진","","[M083653]설파살라진","[06210]설화제","정제",20140109,"- 안전성 및 유효성 미확립
- 고빌리루빈혈증을 일으킬 수 있음","","정상","2세 이하"
612,"특정연령대금기","단일",D000655,"Sulfisoxazole Acetyl","아세틸설피속사졸","","[M260960]아세틸설피속사졸","[06210]설화제","정제",20140109,"","","정상","2개월 미만"
613,"특정연령대금기","복합",D000655,"Sulfisoxazole Acetyl","아세틸설피속사졸","[D000256]Erythromycin(에리트로마이신)","[M260960]아세틸설피속사졸/[M020095]에리스로마이신/[M020096]락토비온산에리스로마이신/[M020099]에리스로마이신에스톨레이트/[M020201]프로피온산에리스로마이신/[M223129]에리트로마이신/[M223130]에리트로마이신스테아르산염/[M223131]에리트로마이신에스톨산염/[M223132]에리트로마이신에틸숙시네이트/[M251863]에리트로마이신락토비온산염/[M256206]에리트로마이신 장용피입자/[M257644]에리트로마이신스티노프레이트","[06190]기타의 항생물질제제(복합항생물질제제를 포함)","시럽/건조시럽용 과립제",20140109,"- 안전성 및 유효성 미확립
- 고빌리루빈혈증을 일으킬 수 있음","","정상","2개월 미만"
614,"특정연령대금기","단일",D000279,Tacrolimus,"타크로리무스","","[M089193]타크로리무스수화물/[M227652]타크로리무스 수화물","[02690]기타의 외피용약","연고",20140109,"안전성 및 유효성 미확립","","정상","2세 미만"
615,"특정연령대금기","단일",D000181,Tadalafil,"타다라필","","[M095435]타다라필","[02590]기타의 비뇨생식기관 및 항문용약","정제/구강붕해필름/산제",20140109,_,"","정상","18세 미만"
616,"특정연령대금기","단일",D000280,Talniflumate,"탈니플루메이트","","[M081412]탈니플루메이트","[01140]해열.진통.소염제","정제/캡슐",20140109,"소아 용량이 설정되어 있지 않음","","정상","12세 이하"
617,"특정연령대금기","단일",D000586,Taurolidine,"타우로리딘","","[M081946]타우로리딘","[06290]기타의 화학요법제","용액주사제/유화주사제/용액용분말주사제/서방성현탁액용분말주사제/용액용동결건조분말주사제/현탁액용동결건조분말주사제/서방성현탁액용동결건조분말주사제/리포좀화현탁액용동결건조분말주사제/현탁액주사제/서방성현탁액성주사제",20140109,_,"","정상","6세 미만"
618,"특정연령대금기","단일",D000184,Telbivudine,"텔비부딘","","[M210121]텔비부딘","[03910]간장질환용제","정제",20140109,"안전성 및 유효성 미확립","","정상","16세 미만"
619,"특정연령대금기","단일",D000681,Terazosin,"테라조신","","[M083720]염산테라조신/[M101588]염산테라조신/[M249200]테라조신염산염/[M250456]테라조신염산염수화물/[M256626]테라조신염산염수화물(이수화물)","[02590]기타의 비뇨생식기관 및 항문용약","정제",20140109,"안전성 및 유효성 미확립","","정상","12세 이하"
620,"특정연령대금기","단일",D000380,Terbinafine,"테르비나핀","","[M085321]염산테르비나핀/[M245869]테르비나핀염산염/[M252342]테르비나핀염산염/[M258362]테르비나핀염산염","[06290]기타의 화학요법제","정제",20140109,"안전성 및 유효성 미확립","","정상","2세 미만"
621,"특정연령대금기","단일",D000484,Teriparatide,"테리파라타이드","","[M255493]테리파라타이드(유전자재조합)(숙주:E.coli K12RQ228, 벡터:pHMM193)/[M263083]테리파라타이드아세트산염","[02430]갑상선, 부갑상선호르몬제","용액주사제/유화주사제/용액용분말주사제/서방성현탁액용분말주사제/용액용동결건조분말주사제/현탁액용동결건조분말주사제/서방성현탁액용동결건조분말주사제/리포좀화현탁액용동결건조분말주사제/현탁액주사제/서방성현탁액성주사제",20140109,"- 안전성 및 유효성 미확립
- 일반적으로 골육종 발현 위험이 높을 수 있음","","정상","18세 미만"
622,"특정연령대금기","단일",D000064,Tetracycline,"테트라사이클린","","[M223235]테트라사이클린염산염","[06150]주로 그람양성, 음성균, 리케치아, 비루스에 작용하는 것","캡슐",20140109,"소아 등(특히 치아 형성기인 12세 미만의 소아)에 투여 시, 치아의 착색？법랑질 형성 부전, 또는 일과성 골발육 부전을 일으킬 수 있음","다만, 다른 약을 사용할 수 없거나 효과가 없는 경우에만 8세 이상 신중투여","정상","12세 미만"
623,"특정연령대금기","단일",D000778,Thiothixene,"티오틱센","","[M259343]티오틱센","[01170]정신신경용제","캡슐",20140109,"- 안전성 및 유효성 미확립
- 소아에 투여한 경우 추체외로증상 특히 운동장애가 나타나기 쉽다는 보고가 있음","","정상","12세 이하"
624,"특정연령대금기","단일",D000384,Tianeptine,"티아넵틴","","[M089308]티아넵틴나트륨","[01170]정신신경용제","정제",20140109,_,"","정상","15세 미만"
625,"특정연령대금기","단일",D000812,Ferucarbotran,"페루카르보트란","","[M096213]페루카르보트란","[07210]X선조영제","용액주사제/유화주사제/용액용분말주사제/서방성현탁액용분말주사제/용액용동결건조분말주사제/현탁액용동결건조분말주사제/서방성현탁액용동결건조분말주사제/리포좀화현탁액용동결건조분말주사제/현탁액주사제/서방성현탁액성주사제",20140109,_,"","정상","18세 미만"
626,"특정연령대금기","단일",D000619,"Fusidic Acid","푸시딘산","","[M020165]푸시딘산나트륨/[M020229]푸시딘산","[06110]주로 그람양성균에 작용하는 것","용액주사제/유화주사제/용액용분말주사제/서방성현탁액용분말주사제/용액용동결건조분말주사제/현탁액용동결건조분말주사제/서방성현탁액용동결건조분말주사제/리포좀화현탁액용동결건조분말주사제/현탁액주사제/서방성현탁액성주사제",20140109,"핵황달 발생 위험이 있음","","정상","4주 미만"
627,"특정연령대금기","복합",D000425,Metoclopramide,"메토클로프라미드","[D000814]Simethicone(시메티콘)/[D000815]Dizet100(다이제트100)","[M050465]메토클로프라미드/[M050466]염산메토클로프라미드/[M223013]메토클로프라미드염산염수화물/[M050855]시메치콘/[M098445]시메치콘파우더/[M223083]시메티콘/[M095620]다이제트100/[M257502]다이젵100","[02390]기타의 소화기관용약","정제",20140109,"추체외로장애 위험성 증가","","정상","1세 미만"
628,"특정연령대금기","단일",D000816,Pyrazinobutazone,"피라지노부타존","","[M081982]피라지노부타존","[01140]해열.진통.소염제","캡슐",20140109,_,"","정상","14세 이하"
629,"특정연령대금기","단일",D000817,Sulfisoxazole,"설피속사졸","","[M040288]설프이속사졸/[M223072]설피속사졸/[M223073]설피속사졸 정","[06210]설화제","정제",20140109,_,"","정상","2개월 미만"
1351,"특정연령대금기","단일",D000633,Mometasone,"모메타손","","[M070188]모메타손푸로에이트/[M099947]푸로산모메타손/[M264264]모메타손푸로에이트일수화물","[01320]이비과용제","일반현탁분무제/정량현탁분무제/일반액상분무제/정량액상분무제/일반분말분무제/정량분말분무제",20171106,"- 소아 환자에게 비강 코르티코스테로이드의 투여에 대한 임상시험에서 성장속도가 감소될 수 있다는 결과 나타남
- 2세 미만에서 안전성 및 유효성 미확립","","정상","24개월 미만"
3139,"특정연령대금기","단일",D000890,Duloxetine,"둘록세틴","","[M215169]염산둘록세틴(둘록세틴염기로서)/[M245183]둘록세틴/[M245184]둘록세틴염산염/[M245333]염산둘록세틴/[M258601]둘록세틴염산염과립/[M258603]둘록세틴염산염/[M259598]둘록세틴염산염장용과립","[01170]정신신경용제","정제/캡슐",20161230,"소아 및 18세 미만의 청소년의 주요우울장애의 치료에는 사용해서는 안 됨.만 7세에서 17세까지의 주요우울장애 환자에서 플루옥세틴 군보다 이상사례(주로 오심)로 인한 중단 및 자살행동 높음.","다만, '주요 우울장애의 치료'에 한함","정상","18세 미만"
3147,"특정연령대금기","단일",D000323,Mirtazapine,"미르타자핀","","[M088893]미르타자핀/[M260571]제피미르타자핀","[01170]정신신경용제","정제",20161230,"소아 및 청소년에서의 사용 승인되지 않음.소아(7~17세) 임상시험에서 7% 이상 체중이 증가된 환자 비율이 위약군보다 높음.","","정상","18세 미만"
3148,"특정연령대금기","단일",D000903,Levocetirizine,"레보세티리진","","[M102532]염산레보세티리진/[M102581]레보세티리진/[M228621]레보세티리진염산염/[M233506]레보세티리진염산영/[M244596]레보세티리진염산염","[01410]항히스타민제","정제",20161230,"(정제) 6세 미만의 유아에게는 정제가 아닌 액제를 투여할 것","","정상","6세 미만"
3230,"특정연령대금기","단일",D001016,Tapentadol,"타펜타돌","","[M252145]타펜타돌염산염","[08210]합성마약","정제",20161230,"8세 미만에서 사용 권장되지 않음.","","정상","18세 미만"
3231,"특정연령대금기","단일",D001010,Desvenlafaxine,"데스벤라팍신","","[A004571]데스벤라팍신","[01170]정신신경용제","정제",20161230,"소아 및 청소년에서의 사용 승인되지 않음.","","정상","18세 미만"
3232,"특정연령대금기","단일",D001011,Vortioxetine,"보티옥세틴","","[M260128]보티옥세틴브롬화수소산염","[01170]정신신경용제","정제",20161230,"소아에 대한 안전성 및 유효성이 확립되지 않았으므로, 소아에게 이 약을 투여하는 것은 권장되지 않음.","","정상","18세 미만"
3293,"특정연령대금기","단일",D001058,Nifuroxazide,"니푸록사지드","","[I002555]니푸록사지드/[M080689]니푸록사짓/[M200244]니푸록사지드/[M218893]니푸록사자이드","[02390]기타의 소화기관용약","캡슐/경구용현탁액제/점이현탁액제",20171106,"Nitrofuran계 항생제는 글루타티온 환원효소 억제로 인한 용혈성 빈혈 위험이 있음","","정상","1개월 미만"
3294,"특정연령대금기","단일",D000329,Verapamil,"베라파밀","","[M080637]염산베라파밀/[M203207]베라파밀염산염","[02170]혈관확장제","정제/유화주사제/용액용분말주사제/서방성현탁액용분말주사제/용액용동결건조분말주사제/현탁액용동결건조분말주사제/서방성현탁액용동결건조분말주사제/리포좀화현탁액용동결건조분말주사제/현탁액주사제/서방성현탁액성주사제/용액주사제",20171106,"신생아 및 영아는 칼슘채널 차단제의 감수성이 높고, 서맥, 심장마비 등을 일으킬 위험이 있음
신생아 및 영아에게 이 약을 투여했을 때 심각한 서맥과 저혈압, 심장마비 등이 나타났다는 보고가 있음","","정상","24개월 미만"
3295,"특정연령대금기","단일",D000920,L-Carbocisteine,"엘카르보시스테인","","[I000322]L-카르보시스테인/[M220819]L-카르보시스테인/[M227255]엘-카르보시스테인/[M238361]엘카르보시스테인","[02220]진해거담제","캡슐/액상시럽제/건조시럽용 과립제",20171106,"Mucolytics는 2세 미만에서 호흡기 장애 유발 가능","","정상","24개월 미만"
3149,"특정연령대금기","단일",D000903,Levocetirizine,"레보세티리진","","[M102532]염산레보세티리진/[M102581]레보세티리진/[M228621]레보세티리진염산염/[M233506]레보세티리진염산영/[M244596]레보세티리진염산염","[01410]항히스타민제","경구용현탁액제/점이제, 현탁액용산제/현탁액제용주사용용제/직장용현탁액제/일반현탁분무제/정량현탁분무제/이식용현탁액제/점이현탁액제/유제/틴크제/전제/침제/레모네이드제/방향수제/주정제/피부액제/피부리니멘트제/도료/샴푸/경구용액제/질세정액/관류제/점이액제/혈액항응고보존액제/밀폐제용용액제/장기보존용액제/주사/피부단자시험용용액/방광내적용용액",20161230,"(액제) 1세 미만의 영아에 대한 사용 경험이 적어 투여하지 않음.1세 이상 6세 미만의 소아에 대한 임상시험 결과, 가장 흔하게 나타난 이상반응은 발열, 설사, 구토, 중이염이었음.","","정상","1세 미만"
3151,"특정연령대금기","복합",D000506,Diclofenac,"디클로페낙","[D000233]Misoprostol(미소프로스톨)","[M050288]디클로페낙나트륨/[M083248]디클로페낙/[M083349]디클로페낙베타디메칠아미노에탄올/[M084600]디클로페낙칼륨/[M086205]디클로페낙디에칠암모늄/[M102665]디클로페낙에폴아민/[M230206]디클로페낙 β-디메칠아미노에탄올/[M249599]디클로페낙디에틸암모늄/[M251996]디클로페낙베타디메틸아미노에탄올/[M252249]디클로페낙β-디메틸아미노에탄올/[M255472]디클로페낙디에틸아민염/[M256203]디클로페낙디에틸아민/[M082141]미소프로스톨에취ㆍ피ㆍ엠ㆍ씨배산/[M082142]미소프로스톨/[M098012]미소프로스톨에취ㆍ피ㆍ엠ㆍ씨배산(1:100)/[M216471]미소프로스톨·히드록시프로필메칠셀룰로오스배산(1:100)/[M254672]미소프로스톨히프로멜로오스배산(1:100)/[M256097]미소프로스톨·히드록시프로필메틸셀룰로오스배산(1:100)/[M256598]미소프로스톨-히드록시프로필메틸셀룰로오스 배산/[M257626]미소프로스톨 100배산/[M258072]미소프로스톨 에취.피.엠.씨 배산","[01140]해열.진통.소염제/[02320]소화성궤양용제","정제",20161230,"소아에 대한 안전성 유효성이 아직 확립되지 않았으므로 사용하지 말 것","","정상","18세 미만"
3296,"특정연령대금기","복합",D001005,Olodaterol,"올로다테롤","[D001006]Tiotropium(티오트로피움)","[I012706]올로다테롤염산염/[M262661]올로다테롤염산염/[M100354]브롬화티오트로피움일수화물/[M260630]티오트로퓸브롬화물수화물/[M261811]브롬화티오트로피움일수화물(미분화)/[M265286]티오트로퓸브롬화물(미분화)","[02290]기타의 호흡기관용약","정량흡입제, 용액제/정량흡입제, 현탁액제/정량흡입제, 분말제/흡입제, 미분류",20171106,"안전성 및 유효성 미확립","","정상","18세 미만"
3297,"특정연령대금기","단일",D000987,Cholecalciferol,"콜레칼시페롤","","[M040594]콜레칼시페롤/[M094322]농축콜레칼시페롤분말/[M099907]콜레칼시페롤과립/[M102050]콜레칼시페롤농축분말/[M218189]농축콜레칼시페롤(분말형)/[M233228]콜레칼시페롤농축물(분말형)/[M255949]농축콜레칼시페롤과립/[M256378]농축콜레칼시페롤 과립","","캡슐",20171106,"","","삭제","6세 미만"
3298,"특정연령대금기","단일",D001059,Zabofloxacin,"자보플록사신","","[I012683]자보플록사신D-아스파르트산염수화물
/[M261970]자보플록사신D-아스파르트산염수화물","[06290]기타의 화학요법제","정제",20171106,"안전성 및 유효성 미확립
퀴놀론계 항균제는 몇몇 어린 동물종에서 관절병증, 뼈연골증을 유발함","","정상","18세 미만"
3299,"특정연령대금기","단일",D000631,Mesalazine,"메살라진","","[I002148]메살라진/[M083890]메살라진/[M088568]메살라민/[M095342]메살라민(5-아미노살리실산)","[02390]기타의 소화기관용약","서방정/서방성필름코팅정/서방성당의정/서방성다층정/서방성장용필름코팅정/서방성과립제",20171106,"","","정상","6세 미만"
3300,"특정연령대금기","단일",D000633,Mometasone,"모메타손","","[M070188]모메타손푸로에이트/[M099947]푸로산모메타손/[M264264]모메타손푸로에이트일수화물","[02220]진해거담제","정제/산제/용액용산제/현탁액용산제/세립/용액용세립제/현탁액용세립제/정량흡입제, 용액제/정량흡입제, 현탁액제/정량흡입제, 분말제/흡입제, 미분류",20171106,"소아는 체중당 체표면적의 비율이 성인보다 커서 코르티코이드로 인해 HPA축(시상하부-뇌하수체-부신 축) 억제, 쿠싱증후군, 발육장애, 두개내압항진 등이 나타나기 쉬움","","정상","12세 미만"
4017,"특정연령대금기","단일",D001153,"strontium chloride","스트론티움 클로라이드","","[C092953]염화스트론튬/[I003931]염화스트론튬(89 Sr)/[M092953]염화스트론튬/[M093575]염화스트론튬(89 Sr)","[04310]방사성 의약품","용액주사제/유화주사제/용액용분말주사제/서방성현탁액용분말주사제/용액용동결건조분말주사제/현탁액용동결건조분말주사제/서방성현탁액용동결건조분말주사제/리포좀화현탁액용동결건조분말주사제/현탁액주사제/서방성현탁액성주사제",20181102,"","","정상","12세 미만"
4020,"특정연령대금기","복합",D000673,Cobicistat,"코비시스타트","[D000150]Atazanavir(아타자나비르)","[M256270]코비시스타트이산화규소/[M249264]아타자나비어황산염/[M263079]아타자나비르황산염","[06290]기타의 화학요법제","정제",20181102,"핵황달의 위험 나타날 수 있음.","","정상","3개월 미만"
4021,"특정연령대금기","복합",D000673,Cobicistat,"코비시스타트","[D000395]Darunavir(다루나비르)","[M256270]코비시스타트이산화규소/[M258751]다루나비르에탄올레이트","[06290]기타의 화학요법제","정제",20181102,"안전성 및 유효성 미확립생후 23-26일 랫트에서 사망 관찰됨.","","정상","36개월 미만"
4022,"특정연령대금기","단일",D000309,Piroxicam,"피록시캄","","[M071634]피록시캄","[01140]해열.진통.소염제/[02640]진통.진양.수렴.소염제","정제/캡슐/용액주사제/유화주사제/용액용분말주사제/서방성현탁액용분말주사제/용액용동결건조분말주사제/현탁액용동결건조분말주사제/서방성현탁액용동결건조분말주사제/리포좀화현탁액용동결건조분말주사제/현탁액주사제/서방성현탁액성주사제",20181102,"중증의 위장관계 이상반응을 일으킬 위험은 연령에 따라 증가함. 고령자는 중대한 위장관계 이상반응의 위험이 더 클 수 있음.","","정상","80세 이상"
4026,"특정연령대금기","복합",D001157,"live attenuated influenza virus type A (H1N1)","약독인플루엔자생바이러스A형(H1N1)","[D001159]live attenuated influenza virus type A (H3N2)(약독인플루엔자 생바이러스 A형 (H3N2))/[D001160]live attenuated influenza virus type B(약독인플루엔자 생바이러스 B형)","[A004450]약독인플루엔자생바이러스A형(A/California/7/2009, H1N1)/[A004451]약독인플루엔자생바이러스A형(A/Texas/50/2012, H3N2)/[A004452]약독인플루엔자생바이러스B형(B/Massachusetts/2/2012)","","점비액제",20181102,"고위험의 기저질환이 있는 피험자에 대해 이 약의 안전성을 평가한 결과 위약 대비 플루미스트 투여군에서 인후염이 발생","","정상","50세 이상"
4016,"특정연령대금기","복합",D001152,chlorhexidine,"클로르헥시딘","[D000709]Lidocaine(리도카인)","[C040620]염산클로르헥시딘/[C051536]글루콘산클로르헥시딘액/[C081338]초산클로르헥시딘/[C083151]디글루콘산클로르헥시딘/[C084526]글루콘산클로르헥시딘/[C088672]글루콘산클로르헥시딘액20%/[C089477]글로콘산클로르헥시딘액/[C315323]클로르헥시딘디글루코네이트/[C315339]클로르헥시딘디글루코네이트 20%/[C409535]클로르헥시딘/[I004578]클로르헥시딘/[I004579]초산클로르헥시딘/[I004580]클로르헥시딘글루콘산염/[I004581]클로르헥시딘염산염/[M040620]염산클로르헥시딘/[M051536]글루콘산클로르헥시딘액/[M081338]초산클로르헥시딘/[M084526]글루콘산클로르헥시딘/[M088672]글루콘산클로르헥시딘액20%/[M089477]글로콘산클로르헥시딘액/[M106679]초산클로르헥시딘연고/[M202318]20%글루콘산클로르헥시딘액/[M203914]클로르헥시딘글루코네이트/[M203915]클로르헥시딘염산염/[M203916]클로르헥시딘이초산염/[M207602]글루콘산클로르헥시딘액(20%)/[M214668]글루콘산 클로르헥시딘액/[M223220]클로르헥시딘글루콘산염 액/[M224233]클로르헥시딘글루콘산염/[M234944]클로르헥시딘디글루콘산액/[M241336]20% 클로르헥시딘글루콘산염 용액/[M243030]글루콘산클로르헥시딘액/[M244239]클로르헥시딘글루콘산염액/[M246214]20% 글루콘산클로르헥시딘/[M246507]클로르헥시딘글루코네이트용액/[M246648]클로르헥시딘글루콘산염액 20%/[M247682]클로르헥시딘아세트산염/[M256314]글루콘산클로르헥시딘 액/[M260778]클로르헥시딘디글루코네이트액/[M040131]리도카인/[M050364]염산리도카인/[M203064]리도카인염산염일수화물/[M222842]리도카인염산염수화물/[M241764]리도카인염산염","[01210]국소마취제","겔",20181102,"","","삭제","24개월 미만"
4018,"특정연령대금기","복합",D000092,Dihydrocodeine,"디히드로코데인","[D000893]Chlorpheniramine(클로르페니라민)/[D001116]Methylephedrine(메틸에페드린)/[D000493]Guaifenesin(구아이페네신)","[M051341]주석산수소디히드로코데인/[M247988]디히드로코데인주석산염/[M249060]디히드로코데인타르타르산염/[M261072]디히드로코데인타르타르산염/[M040616]말레인산클로르페니라민/[M050213]말레인산덱스클로르페니라민/[M051529]클로르페니라민/[M082701]디엘말레인산클로르페니라민/[M083325]디말레인산클로르페니라민/[M099959]말레인산클로로페니라민/[M100018]말레산클로르페니라민/[M100476]디말레인산클로르페니라민/[M101581]디엘말레인산클로르페니라민/[M200471]말레인산클로르페니라민제피과립/[M202197]D-말레인산클로르페니라민/[M202204]DL-말레인산클로르페니라민/[M203913]클로르페니라민말레인산염/[M212847]클로르페니라민말레이트/[M223211]클로르페니라민말레산염/[M223212]d-클로르페니라민말레산염/[M223213]클로르페니라민말레산염 산/[M223214]클로르페니라민말레산염 정/[M223215]클로르페니라민말레산염 주사액/[M226783]dl-클로르페니라민말레산염/[M249715]덱스클로르페니라민 말레산염/[M251936]덱스클로르페니라민말레이트/[A006116]메틸에페드린/[I006391]dl-메틸에페드린염산염/[M204422]dl-메틸에페드린염산염/[M223022]dl-메틸에페드린염산염 산 10%/[M235519]디엘메틸에페드린염산염/[M240608]dI-메틸에페드린염산염/[M240859]디엘-메틸에페드린염산염/[M252389]㎗-메틸에페드린염산염/[M264046]DL-메틸에페드린염산염/[M050058]구아이페네신","[02220]진해거담제","시럽/정제",20181102,"12세 미만 소아는 호흡억제 감수성이 큼.12세 미만 소아에서 사망을 포함하는 중증 호흡억제 위험이 크다는 국외 보고 있음.","","정상","12세 미만"
4019,"특정연령대금기","복합",D000092,Dihydrocodeine,"디히드로코데인","[D000893]Chlorpheniramine(클로르페니라민)/[D001116]Methylephedrine(메틸에페드린)/[D000852]Caffeine(카페인)","[M051341]주석산수소디히드로코데인/[M247988]디히드로코데인주석산염/[M249060]디히드로코데인타르타르산염/[M261072]디히드로코데인타르타르산염/[M040616]말레인산클로르페니라민/[M050213]말레인산덱스클로르페니라민/[M051529]클로르페니라민/[M082701]디엘말레인산클로르페니라민/[M083325]디말레인산클로르페니라민/[M099959]말레인산클로로페니라민/[M100018]말레산클로르페니라민/[M100476]디말레인산클로르페니라민/[M101581]디엘말레인산클로르페니라민/[M200471]말레인산클로르페니라민제피과립/[M202197]D-말레인산클로르페니라민/[M202204]DL-말레인산클로르페니라민/[M203913]클로르페니라민말레인산염/[M212847]클로르페니라민말레이트/[M223211]클로르페니라민말레산염/[M223212]d-클로르페니라민말레산염/[M223213]클로르페니라민말레산염 산/[M223214]클로르페니라민말레산염 정/[M223215]클로르페니라민말레산염 주사액/[M226783]dl-클로르페니라민말레산염/[M249715]덱스클로르페니라민 말레산염/[M251936]덱스클로르페니라민말레이트/[A006116]메틸에페드린/[I006391]dl-메틸에페드린염산염/[M204422]dl-메틸에페드린염산염/[M223022]dl-메틸에페드린염산염 산 10%/[M235519]디엘메틸에페드린염산염/[M240608]dI-메틸에페드린염산염/[M240859]디엘-메틸에페드린염산염/[M252389]㎗-메틸에페드린염산염/[M264046]DL-메틸에페드린염산염/[M040579]카페인(함수)/[M040580]무수카페인/[M090611]카페인/[M223183]카페인무수물/[M223184]카페인수화물/[M241017]무수물카페인","[02220]진해거담제","정제",20181102,"12세 미만 소아는 호흡억제 감수성이 큼.12세 미만 소아에서 사망을 포함하는 중증 호흡억제 위험이 크다는 국외 보고 있음.","","정상","12세 미만"
4045,"특정연령대금기","단일",D001068,Propofol,"프로포폴","","[I003335]프로포폴/[M082350]프로포폴/[M260874]프로포폴","","용액주사제",20181102,"신생아에게 마취 목적으로 투여 시 심장-호흡기계 억제 보고. 후두염 및 후두개염으로 진단된 소아에게 진정 목적으로 이 약을 장기간(3~5일) 투여 시 사망 보고","","정상","36개월 미만"
4047,"특정연령대금기","복합",D001155,naltrexone,"날트랙손","[D000018]Bupropion Hydrochloride(부프로피온염산염)","[C089318]염산날트렉손/[I002456]날트렉손/[I002457]염산날트렉손/[M089318]염산날트렉손/[M254702]날트렉손염산염/[I000166]부프로피온염산염/[M095783]염산부프로피온/[M233238]부프로피온염산염","","서방정",20181102,"18세 이하 소아 및 청소년에서 안전성 및 유효성 미확립.  이 약을 포함한 항우울제는 소아, 청소년 등의 나이가 어린 환자에서 자살에 대한 생각 및 행동에 대한 위험을 증가시키는 것으로 알려져 있음.","","정상","18세 이하"
4023,"특정연령대금기","복합",D001154,"polymyxin B","폴리믹신 비","[D000199]Dexamethasone(덱사메타손)/[D000603]Neomycin(네오마이신)","[M020164]황산폴리믹신비/[M202139]황산폴리믹신B/[M222901]폴리믹스B황산염/[M233313]폴리믹신B황산염/[M247930]폴리믹신 B/[M040080]덱사메타손/[M050208]인산덱사메타손/[M082700]덱사메타손인산나트륨/[M085432]디나트륨인산덱사메타손/[M222954]덱사메타손디나트륨인산염/[M256848]덱사메타손포스페이트이나트륨/[M258481]덱사메타손팔미테이트/[M260226]덱사메타손시페실레이트/[M260415]덱사메타손시페실레이트(미분화)/[M020009]황산네오마이신/[M202893]네오마이신황산염","[01310]안과용제","점안용액제/용액용점안분말제/현탁액점안제/안연고제/안겔/점안주사제",20181102,"소아에서 코르티코스테로이드 유발성 고안압증 위험이 더 높을 수 있고 성인보다 더 일찍 발생할 수 있음.","","정상","4주 미만"
4024,"특정연령대금기","복합",D000092,Dihydrocodeine,"디히드로코데인","[D000893]Chlorpheniramine(클로르페니라민)/[D001116]Methylephedrine(메틸에페드린)/[D001156]ammonium chloride(암모늄염)","[M051341]주석산수소디히드로코데인/[M247988]디히드로코데인주석산염/[M249060]디히드로코데인타르타르산염/[M261072]디히드로코데인타르타르산염/[M040616]말레인산클로르페니라민/[M050213]말레인산덱스클로르페니라민/[M051529]클로르페니라민/[M082701]디엘말레인산클로르페니라민/[M083325]디말레인산클로르페니라민/[M099959]말레인산클로로페니라민/[M100018]말레산클로르페니라민/[M100476]디말레인산클로르페니라민/[M101581]디엘말레인산클로르페니라민/[M200471]말레인산클로르페니라민제피과립/[M202197]D-말레인산클로르페니라민/[M202204]DL-말레인산클로르페니라민/[M203913]클로르페니라민말레인산염/[M212847]클로르페니라민말레이트/[M223211]클로르페니라민말레산염/[M223212]d-클로르페니라민말레산염/[M223213]클로르페니라민말레산염 산/[M223214]클로르페니라민말레산염 정/[M223215]클로르페니라민말레산염 주사액/[M226783]dl-클로르페니라민말레산염/[M249715]덱스클로르페니라민 말레산염/[M251936]덱스클로르페니라민말레이트/[A006116]메틸에페드린/[I006391]dl-메틸에페드린염산염/[M204422]dl-메틸에페드린염산염/[M223022]dl-메틸에페드린염산염 산 10%/[M235519]디엘메틸에페드린염산염/[M240608]dI-메틸에페드린염산염/[M240859]디엘-메틸에페드린염산염/[M252389]㎗-메틸에페드린염산염/[M264046]DL-메틸에페드린염산염/[C040435]염화암모늄/[I004220]염화암모늄/[M040435]염화암모늄/[M095727]염화암모늄","[02220]진해거담제","시럽",20181102,"12세 미만 소아는 호흡억제 감수성이 큼.12세 미만 소아에서 사망을 포함하는 중증 호흡억제 위험이 크다는 국외 보고 있음.","","정상","12세 미만"
4046,"특정연령대금기","복합",D001152,chlorhexidine,"클로르헥시딘","[D000709]Lidocaine(리도카인)","[C040620]염산클로르헥시딘/[C051536]글루콘산클로르헥시딘액/[C081338]초산클로르헥시딘/[C083151]디글루콘산클로르헥시딘/[C084526]글루콘산클로르헥시딘/[C088672]글루콘산클로르헥시딘액20%/[C089477]글로콘산클로르헥시딘액/[C315323]클로르헥시딘디글루코네이트/[C315339]클로르헥시딘디글루코네이트 20%/[C409535]클로르헥시딘/[I004578]클로르헥시딘/[I004579]초산클로르헥시딘/[I004580]클로르헥시딘글루콘산염/[I004581]클로르헥시딘염산염/[M040620]염산클로르헥시딘/[M051536]글루콘산클로르헥시딘액/[M081338]초산클로르헥시딘/[M084526]글루콘산클로르헥시딘/[M088672]글루콘산클로르헥시딘액20%/[M089477]글로콘산클로르헥시딘액/[M106679]초산클로르헥시딘연고/[M202318]20%글루콘산클로르헥시딘액/[M203914]클로르헥시딘글루코네이트/[M203915]클로르헥시딘염산염/[M203916]클로르헥시딘이초산염/[M207602]글루콘산클로르헥시딘액(20%)/[M214668]글루콘산 클로르헥시딘액/[M223220]클로르헥시딘글루콘산염 액/[M224233]클로르헥시딘글루콘산염/[M234944]클로르헥시딘디글루콘산액/[M241336]20% 클로르헥시딘글루콘산염 용액/[M243030]글루콘산클로르헥시딘액/[M244239]클로르헥시딘글루콘산염액/[M246214]20% 글루콘산클로르헥시딘/[M246507]클로르헥시딘글루코네이트용액/[M246648]클로르헥시딘글루콘산염액 20%/[M247682]클로르헥시딘아세트산염/[M256314]글루콘산클로르헥시딘 액/[M260778]클로르헥시딘디글루코네이트액/[M040131]리도카인/[M050364]염산리도카인/[M203064]리도카인염산염일수화물/[M222842]리도카인염산염수화물/[M241764]리도카인염산염","[01210]국소마취제","겔",20181102,"","","정상","24개월 미만"
4048,"특정연령대금기","복합",D001155,naltrexone,"날트랙손","[D000018]Bupropion Hydrochloride(부프로피온염산염)","[C089318]염산날트렉손/[I002456]날트렉손/[I002457]염산날트렉손/[M089318]염산날트렉손/[M254702]날트렉손염산염/[I000166]부프로피온염산염/[M095783]염산부프로피온/[M233238]부프로피온염산염","","서방정",20181102,"고령자에서 이 약의 중추신경계 이상반응에 대한 민감성이 더 크게 나타날 수 있음.  이 약은 대체로 신장에서 배설된다고 알려져 있으므로, 신기능이 감소되어 있을 가능성이 큰 고령의 환자는 이상 반응의 위험성이 더 클 수 있음.","","정상","75세 이상"
4049,"특정연령대금기","복합",D001157,"live attenuated influenza virus type A (H1N1)","약독인플루엔자생바이러스A형(H1N1)","[D001159]live attenuated influenza virus type A (H3N2)(약독인플루엔자 생바이러스 A형 (H3N2))/[D001160]live attenuated influenza virus type B(약독인플루엔자 생바이러스 B형)","[A004450]약독인플루엔자생바이러스A형(A/California/7/2009, H1N1)/[A004451]약독인플루엔자생바이러스A형(A/Texas/50/2012, H3N2)/[A004452]약독인플루엔자생바이러스B형(B/Massachusetts/2/2012)","","점비액제",20181102,"안전성 미확립, 천명 위험 및 입원 증가","","정상","24개월 미만"
4086,"특정연령대금기","단일",D000773,Tramadol,"트라마돌","","[M080418]염산트라마돌/[M104509]염산트라마돌지속성제피과립/[M222893]트라마돌염산염/[M255410]트라마돌염산염","","캡슐/서방정/발포정/용액주사제/서방성캡슐제, 펠렛",20190522,"소아에서 생명에 치명적인 호흡 억제 및 사망 발생","","정상","12세 미만"
4087,"특정연령대금기","복합",D000773,Tramadol,"트라마돌","[D000147]Acetaminophen(아세트아미노펜)","[M080418]염산트라마돌/[M104509]염산트라마돌지속성제피과립/[M222893]트라마돌염산염/[M255410]트라마돌염산염/[M040353]아세트아미노펜/[M082309]아세트아미노펜제피세립/[M233006]아세트아미노펜 DC 500/600/[M246556]아세트아미노펜 (미분화)/[M262287]아세트아미노펜 과립","[01140]해열.진통.소염제","정제/서방정",20190522,"소아에서 생명에 치명적인 호흡 억제 및 사망 발생","","정상","12세 미만"
4088,"특정연령대금기","단일",D000033,Acamprosate,"아캄프로세이트","","[M102626]아캄프로세이트칼슘","[01190]기타의 중추신경용약","정제",20190522,"65세 이상에서 안전성 및 유효성 미확립. 연령이 높아질 수록 신장기능이 저하되어 이 약이 축적될 수 있음.","","정상","65세 이상"
4191,"특정연령대금기","단일",D000226,Mequitazine,"메퀴타진","","[M050446]메퀴타진","","",20161230,"2세 이하 영아에 투여하지 말 것.다른 페노치아진계 약물을 소아(특히 2세 이하)에 투여한 경우 유아돌연사망증후군(SIDS) 및 유아 수면시 무호흡발작이 나타났다는 보고 있음.","","정상","24개월 미만"
4416,"특정연령대금기","단일",D000641,Brimonidine,"브리모니딘","","[M090423]주석산브리모니딘/[M251494]브리모니딘타르타르산염/[M255020]브리모니딘타르타르산염","[02690]기타의 외피용약","피부용겔제",20191217,"안전성 및 유효성 미확립","","정상","18세 미만"
4417,"특정연령대금기","단일",D000647,Cetirizine,"세티리진","","[M051285]염산세티리진/[M222857]세티리진염산염","[01410]항히스타민제","정제/캡슐",20140109,"안전성 및 유효성 미확립","","정상","6세 미만"
4418,"특정연령대금기","단일",D000097,Fentanyl,"펜타닐","","[M210478]구연산펜타닐/[M223286]펜타닐시트르산염/[M230151]펜타닐/[M259588]펜타닐시트르산염(미분화)/[M261073]펜타닐","[08210]합성마약","설하정/박칼정/트로키제/정량액상분무제",20191217,"(구강정) 적절한 투여 용량 및 안전성 미확립, (박칼정, 설하정, 점비액제) 안전성 및 유효성 미확립","","정상","18세 미만"
4960,"특정연령대금기","단일",D001369,"Dioctahedral smectite","디옥타헤드랄스멕타이트","","[A000193]디옥타헤드랄스멕타이트/[M084602]디옥타헤드랄스멕타이트","","현탁액",20201228,"","","정상","24개월 미만"
4961,"특정연령대금기","복합",D001370,Kaolin,"카올린","[D001371]Berberine tannate(베르베린탄닌산염)/[D001372]Pectin(펙틴)","[A001083]카올린/[M040574]카올린/[M223040]베르베린탄닌산염/[A001293]펙틴/[M051732]펙틴","","액상시럽제",20201228,"","","정상","19세 미만"
4962,"특정연령대금기","단일",D001373,Hydrotalcite,"히드로탈시트","","[A001465]히드로탈시트/[M051022]히드로탈시트","","과립/산제",20201228,"","","정상","15세 미만"
4963,"특정연령대금기","복합",D001373,Hydrotalcite,"히드로탈시트","[D001374]Azulene(아줄렌)/[D001785]Glutamine(글루타민)","[A001465]히드로탈시트/[M051022]히드로탈시트/[A000742]아줄렌/[M113242]아줄렌25%/[M083069]글루타민","","추어블정(저작정)",20201228,"","","정상","15세 미만"
5156,"특정연령대금기","복합",D001416,Tipiracil,"티피라실","[D001417]Trifluridine(트리플루리딘)","[A110479]티피라실염산염/[M270421]티피라실염산염/[A001208]트리플루리딘/[M085753]트리플루리딘","[04210]항악성종양제","정제/필름코팅정",20201228,"소아에 대한 안전성 및 유효성 미확립동물실험(랫트)에서 지속적으로 성장하는 전치에 대한 영향 보고","","정상","18세 이하"
5157,"특정연령대금기","단일",D001518,"Milk-thistle Fruit Dry Extract(Milk Thistke Dry Extract)","밀크시슬건조엑스","","[M266819]밀크시슬건조엑스/[M272736]밀크시슬열매 건조엑스","[03910]간장질환용제","정제/캡슐/액제/연질캡슐제, 현탁상/연질캡슐제, 액상/경질캡슐제, 산제/필름코팅정",20201228,"","","정상","12세 이하"
5159,"특정연령대금기","복합",D000671,"Calcium Carbonate","탄산칼슘","[D001522]Pulvis Cinnamomi Corticis(Cinnamon Bark Powder)(육계 가루)/[D001523]Pulvis Syzygii Flos(Clove Powder)(정향 가루)/[D001524]Pulvis Glycyrrhizae Radicis et Rhizomatis(Licorice Powder)(감초 가루)/[D001513]Fennel(회향)/[D001525]Pulvis Zingiberis Rhizomatis(Ginger Powder)(건강 가루)/[D001526]Pulvis Ginseng Radicis(Ginseng Powder)(인삼 가루)/[D001373]Hydrotalcite(히드로탈시트)/[D001084]L-Menthol(L-멘톨)/[D001527]Magnesium aluminosilicate(규산알루민산마그네슘)/[D001528]Pulvis Phellodendri Corticis(Phellodendron Bark Powder)(황백 가루)/[D001529]Scopolia Extract(스코폴리아엑스)","[M040634]침강탄산칼슘/[M113524]육계 가루/[M110397]정향 가루/[A006000]감초/[M040006]감초/[A003462]회향/[M040811]회향/[M110355]건강 가루/[M110386]인삼 가루/[A001465]히드로탈시트/[M051022]히드로탈시트/[C040175]엘-멘톨/[C089484]L-멘톨/[C312553]L-멘톨/[C316512]엘-멘톨/[I006981]L-멘톨/[M200545]멘톨l-/[M204434]L-멘톨/[M208129]ℓ- 멘톨/[M212885]엘-멘톨/[M219244]엘 멘톨/[M230875]l-멘톨/[M243611]엘멘톨/[M243792]엘멘톨/[M244288]엘멘톨/[M244290]엘멘톨/[M247578]ㅣ-멘톨/[M251585]멘톨/l/[M252509]멘톨/ℓ-/[M253205]멘톨/L-/[M279284]L-멘톨/[A000057]규산알루민산마그네슘/[M216095]규산알루민산마그네슘/[M113433]황백 가루/[M110187]스코폴리아 엑스산/[M110224]스코폴리아 엑스","[02330]건위소화제","정제/다층정",20201228,"","","정상","15세 미만"
5214,"특정연령대금기","단일",D000097,Fentanyl,"펜타닐","","[M210478]구연산펜타닐/[M223286]펜타닐시트르산염/[M230151]펜타닐/[M259588]펜타닐시트르산염(미분화)/[M261073]펜타닐","[08210]합성마약","설하정/박칼정/트로키제/정량액상분무제/첩포",20191217,"(구강정) 적절한 투여 용량 및 안전성 미확립, (박칼정, 설하정, 점비액제) 안전성 및 유효성 미확립","","정상","18세 미만"
5222,"특정연령대금기","단일",D000630,Mebendazole,"메벤다졸","","[M050415]메벤다졸","","정제/시럽",20211216,"1세 미만의 소아에 대한 안전성 및 유효성 미확립, 영아에게 경련 발작 등 보고","","정상","1세 미만"
5223,"특정연령대금기","복합",D000314,Rifampicin,"리팜피신","[D000265]Isoniazid(이소니아지드)/[D000802]Pyrazinamide(피라진아미드)/[D001324]Ethambutol(에탐부톨)","[M020042]리팜피신/[M223170]이소니아지드/[M040746]피라진아미드/[A000830]에탐부톨","","정제",20211216,"흡인 위험과 에탐부톨로 인한 시력 변화 평가가 어려울 수 있음","","정상","8세 미만"
5224,"특정연령대금기","단일",D001542,D-Mannitol,"D-만니톨","","[M243496]D-만니톨","","흡입제, 미분류",20211216,"6세 미만에서 적합한 폐활량 측정을 할 수 없음","","정상","6세 미만"
5225,"특정연령대금기","단일",D001543,Methacholine,"메타콜린","","[A000326]메타콜린염화물","","흡입제, 미분류",20211216,"5세 미만에서 안전성 및 유효성 미확립","","정상","5세 미만"
5291,"특정연령대금기","단일",D001544,Eszopiclone,"에스조피클론","","[A110510]에스조피클론","","정제",20220630,"18세 미만의 소아 환자에서의 안전성 및 유효성 미확립","","정상","18세 미만"
5292,"특정연령대금기","단일",D001546,Armodafinil,"아모다피닐","","[A000703]아모다피닐","","정제",20220630,"안전성 및 유효성 미확립, 심각한 피부 과민반응 및 정신과적 이상반응이 발생할 수 있음","","정상","18세 미만"
5158,"특정연령대금기","복합",D001521,"Calcium pantothenate","판토텐산칼슘","[D001117]Cyanocobalamin(시아노코발라민)/[D001518]Milk-thistle Fruit Dry Extract(Milk Thistke Dry Extract)(밀크시슬건조엑스)/[D001519]Nicotinamide(니코틴산아미드)/[D001265]Pyridoxine Hydrochloride(피리독신염산염)/[D001520]Thiamine nitrate(티아민질산염)","[A001260]판토텐산칼슘/[M244748]판토텐산칼슘/[C040330]시아노코발라민(비타민B12)/[C081020]시아노코발라민1%/[C081612]시아노코발라민0ㆍ1%WS,Spray-dried/[C082616]시아노코발라민0ㆍ1%SD/[C082811]시아노코발라민1%SD/[C083188]시아노코발라민0ㆍ1%/[C083197]시아노코발라민1%산/[C083532]무수시아노코발라민/[C083632]시아노코발라민1%과립/[C083673]수지흡착1%시아노코발라민/[C084210]0ㆍ1%시아노코발라민트리츄레이션/[C084370]시아노코발라민0ㆍ1%type ws/[C084641]수용성시아노코발라민0ㆍ1%/[C084783]시아노코발라민0ㆍ1%산/[C086692]시아노코발라민제제/[C089580]0ㆍ1%시아노코발라민/[C091382]시아노코발라민0ㆍ1%과립/[C093734]시아노코발라민산/[C093748]시아노코발라민0ㆍ1%분말/[C096429]시아노코발라민/[C099915]0ㆍ1% 수용성시아노코발라민/[C409830]시아노코발라민/[I000703]시아노코발라민/[M040330]시아노코발라민(비타민B12)/[M081020]시아노코발라민1%/[M081612]시아노코발라민0ㆍ1%WS,Spray-dried/[M082616]시아노코발라민0ㆍ1%SD/[M082811]시아노코발라민1%SD/[M083188]시아노코발라민0ㆍ1%/[M083197]시아노코발라민1%산/[M083532]무수시아노코발라민/[M083632]시아노코발라민1%과립/[M083673]수지흡착1%시아노코발라민/[M084210]0ㆍ1%시아노코발라민트리츄레이션/[M084370]시아노코발라민0ㆍ1%type ws/[M084641]수용성시아노코발라민0ㆍ1%/[M084783]시아노코발라민0ㆍ1%산/[M086692]시아노코발라민/[M089580]0ㆍ1%시아노코발라민/[M091382]시아노코발라민0ㆍ1%과립/[M093734]시아노코발라민산/[M093748]시아노코발라민0ㆍ1%분말/[M096429]시아노코발라민/[M099915]0ㆍ1%수용성시아노코발라민/[M105765]시아노코발라민제제/[M201060]시아노코발라민0ㆍ1%typews/[M205977]수용성 시아노코발라민 0.1%/[M207390]시아노코발라민 0.1%(시아노코발라민으로서 5㎍)/[M207532]시아노코발라민 0.1%(비타민 B12로서 5㎍)/[M210476]0.1%시아노코발라민/[M211243]만니톨-시아노코발라민 배산 0.1%/[M212896]0.1% 시아노코바라민/[M213686]시아노코발라민0.1%/[M216043]0.1% 시아노코발라민(시아노코발라민으로서 2.5마이크로그램)/[M221499]시아노코발리민0.1%/[M225607]시아노코발라민 1%/[M232653]시아노코발라민 배산 0.1%/[M235614]1%시아노코발라민/[M240091]시아노코발라민1%/[M243438]시아노코발라민 0.1%/[M243493]0.1%시아노코발라민/[M243574]0.1% 시아노코발라민/[M243956]0.1% 시아노코발라민/[M243963]0.1% 시아노코발라민/[M244157]0.1% 시아노코발라민/[M244374]시아노코발라민1%/[M244679]0.1% 시아노코발라민/[M245647]0.1％ 시아노코발라민/[M245958]0.1% 시아노코발리민/[M246786]0.1%수용성시아노코발라민/[M255994]시아노코발라민1000배산/[M256157]시아노코발라민100배산/[M262818]시아노코발라빈 1000배산/[M265578]시아노코발라민1000배산/[M266819]밀크시슬건조엑스/[M272736]밀크시슬열매 건조엑스/[A000117]니코틴산아미드/[M040064]니코틴산아미드/[M204304]피리독신염산염/[M223262]티아민질산염","[03910]간장질환용제","캡슐/연질캡슐제, 현탁상",20201228,"","","정상","12세 이하"
5160,"특정연령대금기","복합",D000671,"Calcium Carbonate","탄산칼슘","[D001517]Cinnamon Oil(시나몬유)/[D001530]Diastase-protease-cellulase(디아스타제∙프로테아제∙셀룰라제)/[D001516]Fennel Oil(회향유)/[D001373]Hydrotalcite(히드로탈시트)/[D001531]Lipase Ⅱ(리파제Ⅱ)/[D001515]Prozyme(프로자임)/[D001148]sodium bicarbonate(탄산수소나트륨)/[D001499]Ursodeoxycholic Acid(우르소데옥시콜산)","[M040634]침강탄산칼슘/[A003823]시나몬유/[M276911]시나몬유/[A000188]디아스타제·프로테아제·셀룰라제/[M267745]디아스타제·프로테아제·셀룰라제/[M040812]회향유/[A001465]히드로탈시트/[M051022]히드로탈시트/[M092187]리파제II/[A001358]프로자임/[M051800]프로자임/[C040631]탄산수소나트륨/[C096332]탄산수소나트륨수용액/[I003757]탄산수소나트륨/[M040631]탄산수소나트륨/[M091817]중탄산수소나트륨/[M096332]탄산수소나트륨수용액/[M104138]포화탄산수소나트륨/[M104658]5%탄산수소나트륨/[M206247]무균탄산수소나트륨/[M206711]탄산수소나트륨(중조)/[M207094]탄산수소나트륨/[M215774]5%탄산수소나트륨수용액/[M230823]탄산수소나트륨액/[M250011]탄산수소나트륨주사액/[M253779]탄산수소나트륨(제3법)/[A000910]우르소데옥시콜산/[M223167]우르소데옥시콜산","[02390]기타의 소화기관용약","나정/세립/정제",20201228,"","","정상","15세 미만"
5293,"특정연령대금기","단일",D001565,Nitrofurantoin,"니트로푸란토인","","[A001727]니트로푸란토인","","캡슐",20220630,"태아 및 신생아에서 용혈성 빈혈의 가능성","","정상","3개월 미만"
5294,"특정연령대금기","단일",D001566,Permethrin,"퍼메트린","","[A001269]퍼메트린","","크림",20220630,"2개월 미만에서 안전성 및 유효성 미확립, 2~23개월 사이의 어린이에서 사용 경험 제한적임. 긴밀한 의료감독 하에 치료 받아야 함","","정상","2세 미만"
5295,"특정연령대금기","단일",D001554,Racecadotril,"라세카도트릴","","[A000226]라세카도트릴","","캡슐/산제",20220630,"안전성 및 유효성 미확립","","정상","3개월 미만"
5412,"특정연령대금기","단일",D000879,Hydromorphone,"히드로모르폰","","[M088418]염산히드로모르폰/[M101831]염산하이드로모르폰/[M103280]히드로모르폰/[M205756]염산히드로모르폰/[M247991]히드로모르폰염산염/[M261066]히드로모르폰염산염","","서방정",20221215,"- 안전성 및 유효성 미확립","","정상","18세 미만"
5414,"특정연령대금기","단일",D000592,Triazolam,"트리아졸람","","[I005603]트리아졸람/[M088380]트리아졸람","","정제",20221215,"- 안전성 및 유효성 미확립","","정상","18세 미만"
5415,"특정연령대금기","단일",D001642,"Morphine Sulfate","모르핀황산염","","[M112545]모르핀황산염","","서방정",20221215,"","","정상","18세 미만"
5416,"특정연령대금기","단일",D000709,Lidocaine,"리도카인","","[M040131]리도카인/[M050364]염산리도카인/[M203064]리도카인염산염일수화물/[M222842]리도카인염산염수화물/[M241764]리도카인염산염","","경구용겔제",20221215,"","5% 구강용겔제","정상","4세 이하"
5417,"특정연령대금기","단일",D000709,Lidocaine,"리도카인","","[M040131]리도카인/[M050364]염산리도카인/[M203064]리도카인염산염일수화물/[M222842]리도카인염산염수화물/[M241764]리도카인염산염","","피부연고제",20221215,"","연고제(침윤거즈)","정상","3개월 이하"
5161,"특정연령대금기","복합",D001522,"Pulvis Cinnamomi Corticis(Cinnamon Bark Powder)","육계 가루","[D001532]Pulvis Gentianae Luteae Radicis et Rhizomatis(Gentian Powder)(겐티아나 가루)/[D001373]Hydrotalcite(히드로탈시트)/[D001148]sodium bicarbonate(탄산수소나트륨)","[M113524]육계 가루/[M110370]겐티아나 가루/[A001465]히드로탈시트/[M051022]히드로탈시트/[C040631]탄산수소나트륨/[C096332]탄산수소나트륨수용액/[I003757]탄산수소나트륨/[M040631]탄산수소나트륨/[M091817]중탄산수소나트륨/[M096332]탄산수소나트륨수용액/[M104138]포화탄산수소나트륨/[M104658]5%탄산수소나트륨/[M206247]무균탄산수소나트륨/[M206711]탄산수소나트륨(중조)/[M207094]탄산수소나트륨/[M215774]5%탄산수소나트륨수용액/[M230823]탄산수소나트륨액/[M250011]탄산수소나트륨주사액/[M253779]탄산수소나트륨(제3법)","[02330]건위소화제","정제/필름코팅정",20201228,"","","정상","15세 미만"
5162,"특정연령대금기","복합",D001377,"Aluminium hydroxide","수산화알루미늄","[D001118]Benfotiamine(벤포티아민)/[D001523]Pulvis Syzygii Flos(Clove Powder)(정향 가루)/[D001536]Licorice Extract Powder(감초엑스 가루)/[D001533]Pulvis Curcumae Radicis(Curcuma Root Powder)(울금 가루)/[D001513]Fennel(회향)/[D001526]Pulvis Ginseng Radicis(Ginseng Powder)(인삼 가루)/[D001373]Hydrotalcite(히드로탈시트)/[D001514]Magnesium hydroxide(수산화마그네슘)/[D001534]Methylmethionine sulfonium chloride(메틸메티오닌설포늄염화물)/[D001535]Zingiberis Rhizoma Recens(생강)","[A000634]수산화알루미늄/[M083652]수산화알루미늄/[C081474]벤포티아민(비오타민)/[C096428]벤포티아민/[I004465]벤포티아민/[M081474]벤포티아민(비오타민)/[M096428]벤포티아민/[M256717]조벤포티아민/[M110397]정향 가루/[M277436]천연감초 엑스/[M110463]울금 가루/[A003462]회향/[M040811]회향/[M110386]인삼 가루/[A001465]히드로탈시트/[M051022]히드로탈시트/[A000633]수산화마그네슘/[M040306]수산화마그네슘/[A000335]메틸메티오닌설포늄염화물/[M256363]메틸메티오닌설포늄염화물/[M252971]천연착향료(생강)","[02330]건위소화제","과립",20201228,"","","정상","15세 미만"
5413,"특정연령대금기","복합",D001315,"Ammonium chloride","염화암모늄","[D000893]Chlorpheniramine(클로르페니라민)/[D000092]Dihydrocodeine(디히드로코데인)/[D001116]Methylephedrine(메틸에페드린)/[D001305]Pelargonium sidoides(펠라고니움시도이데스)","[A002612]염화암모늄/[M040616]말레인산클로르페니라민/[M050213]말레인산덱스클로르페니라민/[M051529]클로르페니라민/[M082701]디엘말레인산클로르페니라민/[M083325]디말레인산클로르페니라민/[M099959]말레인산클로로페니라민/[M100018]말레산클로르페니라민/[M100476]디말레인산클로르페니라민/[M101581]디엘말레인산클로르페니라민/[M200471]말레인산클로르페니라민제피과립/[M202197]D-말레인산클로르페니라민/[M202204]DL-말레인산클로르페니라민/[M203913]클로르페니라민말레인산염/[M212847]클로르페니라민말레이트/[M223211]클로르페니라민말레산염/[M223212]d-클로르페니라민말레산염/[M223213]클로르페니라민말레산염 산/[M223214]클로르페니라민말레산염 정/[M223215]클로르페니라민말레산염 주사액/[M226783]dl-클로르페니라민말레산염/[M249715]덱스클로르페니라민 말레산염/[M251936]덱스클로르페니라민말레이트/[M051341]주석산수소디히드로코데인/[M247988]디히드로코데인주석산염/[M249060]디히드로코데인타르타르산염/[M261072]디히드로코데인타르타르산염/[A006116]메틸에페드린/[I006391]dl-메틸에페드린염산염/[M204422]dl-메틸에페드린염산염/[M223022]dl-메틸에페드린염산염 산 10%/[M235519]디엘메틸에페드린염산염/[M240608]dI-메틸에페드린염산염/[M240859]디엘-메틸에페드린염산염/[M252389]㎗-메틸에페드린염산염/[M264046]DL-메틸에페드린염산염/[A001303]펠라고늄시도이데스/[M267961]펠라고니움시도이데스11%에탄올건조엑스(5.5~6.6→1)/[M269642]펠라고니움시도이데스11%에탄올건조엑스(5.5∼6.6→1)","","액상시럽제",20221215,"12세 미만 소아는 호흡억제 감수성이 큼, 12세 미만 소아에서 사망을 포함하는 중증 호흡억제 위험이 크다는 국외 보고 있음","","정상","12세 미만"
5418,"특정연령대금기","단일",D000709,Lidocaine,"리도카인","","[M040131]리도카인/[M050364]염산리도카인/[M203064]리도카인염산염일수화물/[M222842]리도카인염산염수화물/[M241764]리도카인염산염","","피부용겔제",20221215,"","겔제(5%)","정상","3개월 이하"
5965,"특정연령대금기","단일",D000656,Atropine,"아트로핀","","[M040370]황산아트로핀/[M084258]아트로핀/[M110023]아트로핀황산염/[M223111]아트로핀황산염수화물","[01310]안과용제","현탁액점안제/안연고제/용액용점안분말제/점안용액제/점안주사제/안겔",20230705,"- 심각한 전신 부작용 위험이 있음. - 조산아, 영아, 다운증후군, 강직마비 또는 뇌손상 어린이는 이 약의 전신흡수에 따른 중추신경계 장애, 심폐 및 위장관 독성에 감수성이 있음","점안제(0.125%)","정상","4세 미만"
6090,"특정연령대금기","복합",D001753,Acrinol,"아크리놀","[D001497]Berberine(베르베린)/[D001754]Enterococcus Faecalis(엔테로코쿠스페칼리스)/[D001496]Loperamide(로페라미드)","[A000746]아크리놀/[A000414]베르베린/[M276738]베르베린/[A110908]엔테로코쿠스페칼리스균/[A000269]로페라미드","[02370]정장제","경질캡슐제, 산제",20240625,"","","정상","2세 미만"
6490,"특정연령대금기","단일",D001733,Povidone-iodine,"포비돈요오드","","[M244708]포비돈요오드","[02310]치과구강용약","일반액상분무제/가글제/경구용액제/가글제, 용액용정제",20251223,"","구강용 액제, 구강용 스프레이제","정상","6세 미만"
6491,"특정연령대금기","단일",D001733,Povidone-iodine,"포비돈요오드","","[M244708]포비돈요오드","[02610]외피용살균소독제","일반분말분무제",20251223,-,"에어로솔제","정상","2세 이하"
6492,"특정연령대금기","단일",D001733,Povidone-iodine,"포비돈요오드","","[M244708]포비돈요오드","[02550]비뇨생식기관용제(성병예방제포함)/[02610]외피용살균소독제/[02590]기타의 비뇨생식기관 및 항문용약","질좌제, 일반/피부액제/피부연고제/질세정액",20251223,-,"질용좌제, 외용액제, 연고제","정상","6개월 미만"
6493,"특정연령대금기","복합",D000393,Naloxone,"날록손","[D000356]Oxycodone(옥시코돈)","[M222939]날록손염산염/[M246655]날록손염산염이수화물/[M040451]염산옥시코돈/[M238042]옥시코돈염산염","[08210]합성마약","서방성필름코팅정",20251223,"- 안전성 및 유효성 미확립","","정상","18세 미만"
6370,"특정연령대금기","복합",D000893,Chlorpheniramine,"클로르페니라민","[D001767]Dipotassium Glycyrrhizinate(글리시리진산이칼륨)/[D001768]Naphazoline(나파졸린)","[M040616]말레인산클로르페니라민/[M050213]말레인산덱스클로르페니라민/[M051529]클로르페니라민/[M082701]디엘말레인산클로르페니라민/[M083325]디말레인산클로르페니라민/[M099959]말레인산클로로페니라민/[M100018]말레산클로르페니라민/[M100476]디말레인산클로르페니라민/[M101581]디엘말레인산클로르페니라민/[M200471]말레인산클로르페니라민제피과립/[M202197]D-말레인산클로르페니라민/[M202204]DL-말레인산클로르페니라민/[M203913]클로르페니라민말레인산염/[M212847]클로르페니라민말레이트/[M223211]클로르페니라민말레산염/[M223212]d-클로르페니라민말레산염/[M223213]클로르페니라민말레산염 산/[M223214]클로르페니라민말레산염 정/[M223215]클로르페니라민말레산염 주사액/[M226783]dl-클로르페니라민말레산염/[M249715]덱스클로르페니라민 말레산염/[M251936]덱스클로르페니라민말레이트/[M256386]글리시리진산이칼륨/[A001682]나파졸린","[01320]이비과용제","일반액상분무제",20250714,-,"","정상","12세 미만"
